LECROYWS3054,16387,Waveform
Segments,1,SegmentSize,2002
Segment,TrigTime,TimeSinceSegment1
#1,27-Jul-2023 02:51:56,0                 
Time,Ampl
-1.00075e-007,0.0035
-9.9825e-008,0.00183333
-9.9575e-008,0.0035
-9.9325e-008,0.00183333
-9.9075e-008,0.0035
-9.8825e-008,0.00183333
-9.8575e-008,0.0035
-9.8325e-008,0.00183333
-9.8075e-008,0.00183333
-9.7825e-008,0.00183333
-9.7575e-008,0.0035
-9.7325e-008,0.00183333
-9.7075e-008,0.00183333
-9.6825e-008,0.00183333
-9.6575e-008,0.0035
-9.6325e-008,0.00183333
-9.6075e-008,0.00183333
-9.5825e-008,0.00183333
-9.5575e-008,0.0035
-9.5325e-008,0.00183333
-9.5075e-008,0.00183333
-9.4825e-008,0.00183333
-9.4575e-008,0.0035
-9.4325e-008,0.00183333
-9.4075e-008,0.00183333
-9.3825e-008,0.0035
-9.3575e-008,0.0035
-9.3325e-008,0.00183333
-9.3075e-008,0.00183333
-9.2825e-008,0.00183333
-9.2575e-008,0.0035
-9.2325e-008,0.00183333
-9.2075e-008,0.0035
-9.1825e-008,0.00183333
-9.1575e-008,0.0035
-9.1325e-008,0.00183333
-9.1075e-008,0.0035
-9.0825e-008,0.00183333
-9.0575e-008,0.0035
-9.0325e-008,0.00183333
-9.0075e-008,0.0035
-8.9825e-008,0.00183333
-8.9575e-008,0.0035
-8.9325e-008,0.0035
-8.9075e-008,0.0035
-8.8825e-008,0.00183333
-8.8575e-008,0.0035
-8.8325e-008,0.0035
-8.8075e-008,0.0035
-8.7825e-008,0.00183333
-8.7575e-008,0.0035
-8.7325e-008,0.0035
-8.7075e-008,0.0035
-8.6825e-008,0.00183333
-8.6575e-008,0.0035
-8.6325e-008,0.0035
-8.6075e-008,0.0035
-8.5825e-008,0.00183333
-8.5575e-008,0.0035
-8.5325e-008,0.0035
-8.5075e-008,0.0035
-8.4825e-008,0.00183333
-8.4575e-008,0.0035
-8.4325e-008,0.0035
-8.4075e-008,0.0035
-8.3825e-008,0.00183333
-8.3575e-008,0.0035
-8.3325e-008,0.0035
-8.3075e-008,0.0035
-8.2825e-008,0.00183333
-8.2575e-008,0.0035
-8.2325e-008,0.0035
-8.2075e-008,0.0035
-8.1825e-008,0.00183333
-8.1575e-008,0.0035
-8.1325e-008,0.0035
-8.1075e-008,0.0035
-8.0825e-008,0.00183333
-8.0575e-008,0.0035
-8.0325e-008,0.00183333
-8.0075e-008,0.0035
-7.9825e-008,0.00183333
-7.9575e-008,0.0035
-7.9325e-008,0.00183333
-7.9075e-008,0.0035
-7.8825e-008,0.00183333
-7.8575e-008,0.0035
-7.8325e-008,0.00183333
-7.8075e-008,0.0035
-7.7825e-008,0.00183333
-7.7575e-008,0.0035
-7.7325e-008,0.00183333
-7.7075e-008,0.0035
-7.6825e-008,0.00183333
-7.6575e-008,0.0035
-7.6325e-008,0.00183333
-7.6075e-008,0.0035
-7.5825e-008,0.00183333
-7.5575e-008,0.0035
-7.5325e-008,0.00183333
-7.5075e-008,0.0035
-7.4825e-008,0.00183333
-7.4575e-008,0.0035
-7.4325e-008,0.00183333
-7.4075e-008,0.0035
-7.3825e-008,0.00183333
-7.3575e-008,0.0035
-7.3325e-008,0.00183333
-7.3075e-008,0.0035
-7.2825e-008,0.00183333
-7.2575e-008,0.0035
-7.2325e-008,0.00183333
-7.2075e-008,0.0035
-7.1825e-008,0.00183333
-7.1575e-008,0.0035
-7.1325e-008,0.00183333
-7.1075e-008,0.0035
-7.0825e-008,0.00183333
-7.0575e-008,0.0035
-7.0325e-008,0.00183333
-7.0075e-008,0.0035
-6.9825e-008,0.00183333
-6.9575e-008,0.0035
-6.9325e-008,0.0035
-6.9075e-008,0.0035
-6.8825e-008,0.00183333
-6.8575e-008,0.0035
-6.8325e-008,0.0035
-6.8075e-008,0.0035
-6.7825e-008,0.00183333
-6.7575e-008,0.0035
-6.7325e-008,0.0035
-6.7075e-008,0.0035
-6.6825e-008,0.00183333
-6.6575e-008,0.0035
-6.6325e-008,0.0035
-6.6075e-008,0.0035
-6.5825e-008,0.00183333
-6.5575e-008,0.0035
-6.5325e-008,0.0035
-6.5075e-008,0.0035
-6.4825e-008,0.00183333
-6.4575e-008,0.0035
-6.4325e-008,0.0035
-6.4075e-008,0.0035
-6.3825e-008,0.00183333
-6.3575e-008,0.0035
-6.3325e-008,0.0035
-6.3075e-008,0.0035
-6.2825e-008,0.0035
-6.2575e-008,0.0035
-6.2325e-008,0.0035
-6.2075e-008,0.0035
-6.1825e-008,0.0035
-6.1575e-008,0.0035
-6.1325e-008,0.0035
-6.1075e-008,0.0035
-6.0825e-008,0.0035
-6.0575e-008,0.0035
-6.0325e-008,0.0035
-6.0075e-008,0.0035
-5.9825e-008,0.0035
-5.9575e-008,0.0035
-5.9325e-008,0.0035
-5.9075e-008,0.0035
-5.8825e-008,0.0035
-5.8575e-008,0.0035
-5.8325e-008,0.0035
-5.8075e-008,0.0035
-5.7825e-008,0.0035
-5.7575e-008,0.0035
-5.7325e-008,0.00183333
-5.7075e-008,0.0035
-5.6825e-008,0.00183333
-5.6575e-008,0.0035
-5.6325e-008,0.00183333
-5.6075e-008,0.0035
-5.5825e-008,0.00183333
-5.5575e-008,0.0035
-5.5325e-008,0.00183333
-5.5075e-008,0.0035
-5.4825e-008,0.00183333
-5.4575e-008,0.0035
-5.4325e-008,0.00183333
-5.4075e-008,0.0035
-5.3825e-008,0.00183333
-5.3575e-008,0.0035
-5.3325e-008,0.00183333
-5.3075e-008,0.0035
-5.2825e-008,0.00183333
-5.2575e-008,0.0035
-5.2325e-008,0.00183333
-5.2075e-008,0.0035
-5.1825e-008,0.00183333
-5.1575e-008,0.0035
-5.1325e-008,0.00183333
-5.1075e-008,0.0035
-5.0825e-008,0.00183333
-5.0575e-008,0.0035
-5.0325e-008,0.00183333
-5.0075e-008,0.0035
-4.9825e-008,0.00183333
-4.9575e-008,0.0035
-4.9325e-008,0.0035
-4.9075e-008,0.0035
-4.8825e-008,0.00183333
-4.8575e-008,0.0035
-4.8325e-008,0.0035
-4.8075e-008,0.0035
-4.7825e-008,0.00183333
-4.7575e-008,0.0035
-4.7325e-008,0.0035
-4.7075e-008,0.0035
-4.6825e-008,0.00183333
-4.6575e-008,0.0035
-4.6325e-008,0.0035
-4.6075e-008,0.0035
-4.5825e-008,0.00183333
-4.5575e-008,0.0035
-4.5325e-008,0.0035
-4.5075e-008,0.0035
-4.4825e-008,0.00183333
-4.4575e-008,0.0035
-4.4325e-008,0.0035
-4.4075e-008,0.0035
-4.3825e-008,0.00183333
-4.3575e-008,0.0035
-4.3325e-008,0.00183333
-4.3075e-008,0.0035
-4.2825e-008,0.00183333
-4.2575e-008,0.0035
-4.2325e-008,0.00183333
-4.2075e-008,0.0035
-4.1825e-008,0.00183333
-4.1575e-008,0.0035
-4.1325e-008,0.00183333
-4.1075e-008,0.0035
-4.0825e-008,0.00183333
-4.0575e-008,0.0035
-4.0325e-008,0.00183333
-4.0075e-008,0.0035
-3.9825e-008,0.00183333
-3.9575e-008,0.0035
-3.9325e-008,0.00183333
-3.9075e-008,0.0035
-3.8825e-008,0.00183333
-3.8575e-008,0.0035
-3.8325e-008,0.00183333
-3.8075e-008,0.0035
-3.7825e-008,0.00183333
-3.7575e-008,0.0035
-3.7325e-008,0.00183333
-3.7075e-008,0.0035
-3.6825e-008,0.00183333
-3.6575e-008,0.0035
-3.6325e-008,0.00183333
-3.6075e-008,0.0035
-3.5825e-008,0.00183333
-3.5575e-008,0.0035
-3.5325e-008,0.00183333
-3.5075e-008,0.0035
-3.4825e-008,0.00183333
-3.4575e-008,0.0035
-3.4325e-008,0.00183333
-3.4075e-008,0.0035
-3.3825e-008,0.00183333
-3.3575e-008,0.0035
-3.3325e-008,0.00183333
-3.3075e-008,0.0035
-3.2825e-008,0.00183333
-3.2575e-008,0.0035
-3.2325e-008,0.00183333
-3.2075e-008,0.0035
-3.1825e-008,0.00183333
-3.1575e-008,0.0035
-3.1325e-008,0.00183333
-3.1075e-008,0.0035
-3.0825e-008,0.00183333
-3.0575e-008,0.0035
-3.0325e-008,0.00183333
-3.0075e-008,0.0035
-2.9825e-008,0.00183333
-2.9575e-008,0.0035
-2.9325e-008,0.00183333
-2.9075e-008,0.0035
-2.8825e-008,0.00183333
-2.8575e-008,0.0035
-2.8325e-008,0.00183333
-2.8075e-008,0.0035
-2.7825e-008,0.00183333
-2.7575e-008,0.0035
-2.7325e-008,0.00183333
-2.7075e-008,0.0035
-2.6825e-008,0.00183333
-2.6575e-008,0.0035
-2.6325e-008,0.00183333
-2.6075e-008,0.0035
-2.5825e-008,0.00183333
-2.5575e-008,0.0035
-2.5325e-008,0.0035
-2.5075e-008,0.0035
-2.4825e-008,0.00183333
-2.4575e-008,0.0035
-2.4325e-008,0.0035
-2.4075e-008,0.0035
-2.3825e-008,0.00183333
-2.3575e-008,0.0035
-2.3325e-008,0.0035
-2.3075e-008,0.0035
-2.2825e-008,0.00183333
-2.2575e-008,0.0035
-2.2325e-008,0.0035
-2.2075e-008,0.0035
-2.1825e-008,0.00183333
-2.1575e-008,0.0035
-2.1325e-008,0.0035
-2.1075e-008,0.0035
-2.0825e-008,0.00183333
-2.0575e-008,0.0035
-2.0325e-008,0.0035
-2.0075e-008,0.0035
-1.9825e-008,0.00183333
-1.9575e-008,0.0035
-1.9325e-008,0.0035
-1.9075e-008,0.00183333
-1.8825e-008,0.00183333
-1.8575e-008,0.0035
-1.8325e-008,0.0035
-1.8075e-008,0.00183333
-1.7825e-008,0.00183333
-1.7575e-008,0.0035
-1.7325e-008,0.00183333
-1.7075e-008,0.0035
-1.6825e-008,0.0035
-1.6575e-008,0.0035
-1.6325e-008,0.0035
-1.6075e-008,0.0035
-1.5825e-008,0.0035
-1.5575e-008,0.0035
-1.5325e-008,0.0035
-1.5075e-008,0.0035
-1.4825e-008,0.0035
-1.4575e-008,0.0035
-1.4325e-008,0.0035
-1.4075e-008,0.0035
-1.3825e-008,0.0035
-1.3575e-008,0.0035
-1.3325e-008,0.0035
-1.3075e-008,0.0035
-1.2825e-008,0.0035
-1.2575e-008,0.0035
-1.2325e-008,0.0035
-1.2075e-008,0.00516667
-1.1825e-008,0.00683333
-1.1575e-008,0.0101667
-1.1325e-008,0.0118333
-1.1075e-008,0.0101667
-1.0825e-008,0.00683333
-1.0575e-008,0.00683333
-1.0325e-008,0.00683333
-1.0075e-008,0.00683333
-9.825e-009,0.00516667
-9.575e-009,0.00516667
-9.325e-009,0.00516667
-9.075e-009,0.00516667
-8.825e-009,0.0035
-8.575e-009,0.00516667
-8.325e-009,0.0035
-8.075e-009,0.0035
-7.825e-009,0.0035
-7.575e-009,0.00683333
-7.325e-009,0.0185
-7.075e-009,0.0401667
-6.825e-009,0.0568333
-6.575e-009,0.0601667
-6.325e-009,0.0468333
-6.075e-009,0.0351667
-5.825e-009,0.0268333
-5.575e-009,0.0251667
-5.325e-009,0.0218333
-5.075e-009,0.0201667
-4.825e-009,0.0135
-4.575e-009,0.0135
-4.325e-009,0.0118333
-4.075e-009,0.0101667
-3.825e-009,0.0085
-3.575e-009,0.0101667
-3.325e-009,0.0101667
-3.075e-009,0.0201667
-2.825e-009,0.0501667
-2.575e-009,0.0868333
-2.325e-009,0.106833
-2.075e-009,0.0985
-1.825e-009,0.0718333
-1.575e-009,0.0535
-1.325e-009,0.0451667
-1.075e-009,0.0435
-8.25e-010,0.0368333
-5.75e-010,0.0301667
-3.25e-010,0.0235
-7.5e-011,0.0235
1.75e-010,0.0185
4.25e-010,0.0168333
6.75e-010,0.0151667
9.25e-010,0.0135
1.175e-009,0.0118333
1.425e-009,0.0151667
1.675e-009,0.0368333
1.925e-009,0.100167
2.175e-009,0.1735
2.425e-009,0.221833
2.675e-009,0.205167
2.925e-009,0.155167
3.175e-009,0.111833
3.425e-009,0.0968333
3.675e-009,0.0851667
3.925e-009,0.0751667
4.175e-009,0.0585
4.425e-009,0.0501667
4.675e-009,0.0418333
4.925e-009,0.0368333
5.175e-009,0.0318333
5.425e-009,0.0285
5.675e-009,0.0235
5.925e-009,0.0218333
6.175e-009,0.0185
6.425e-009,0.0185
6.675e-009,0.0235
6.925e-009,0.0418333
7.175e-009,0.0618333
7.425e-009,0.0751667
7.675e-009,0.0685
7.925e-009,0.0535
8.175e-009,0.0401667
8.425e-009,0.0368333
8.675e-009,0.0335
8.925e-009,0.0301667
9.175e-009,0.0251667
9.425e-009,0.0218333
9.675e-009,0.0168333
9.925e-009,0.0185
1.0175e-008,0.0151667
1.0425e-008,0.0151667
1.0675e-008,0.0135
1.0925e-008,0.0135
1.1175e-008,0.0135
1.1425e-008,0.0268333
1.1675e-008,0.0568333
1.1925e-008,0.0968333
1.2175e-008,0.120167
1.2425e-008,0.1135
1.2675e-008,0.0835
1.2925e-008,0.0635
1.3175e-008,0.0501667
1.3425e-008,0.0485
1.3675e-008,0.0418333
1.3925e-008,0.0351667
1.4175e-008,0.0285
1.4425e-008,0.0268333
1.4675e-008,0.0235
1.4925e-008,0.0218333
1.5175e-008,0.0168333
1.5425e-008,0.0168333
1.5675e-008,0.0185
1.5925e-008,0.0351667
1.6175e-008,0.0618333
1.6425e-008,0.0885
1.6675e-008,0.0935
1.6925e-008,0.0768333
1.7175e-008,0.0551667
1.7425e-008,0.0418333
1.7675e-008,0.0385
1.7925e-008,0.0368333
1.8175e-008,0.0301667
1.8425e-008,0.0251667
1.8675e-008,0.0201667
1.8925e-008,0.0201667
1.9175e-008,0.0185
1.9425e-008,0.0151667
1.9675e-008,0.0135
1.9925e-008,0.0135
2.0175e-008,0.0135
2.0425e-008,0.0201667
2.0675e-008,0.0501667
2.0925e-008,0.106833
2.1175e-008,0.155167
2.1425e-008,0.166833
2.1675e-008,0.1385
2.1925e-008,0.0985
2.2175e-008,0.0701667
2.2425e-008,0.0635
2.2675e-008,0.0568333
2.2925e-008,0.0501667
2.3175e-008,0.0385
2.3425e-008,0.0318333
2.3675e-008,0.0285
2.3925e-008,0.0285
2.4175e-008,0.0235
2.4425e-008,0.0201667
2.4675e-008,0.0168333
2.4925e-008,0.0168333
2.5175e-008,0.0151667
2.5425e-008,0.0168333
2.5675e-008,0.0235
2.5925e-008,0.0368333
2.6175e-008,0.0501667
2.6425e-008,0.0518333
2.6675e-008,0.0418333
2.6925e-008,0.0318333
2.7175e-008,0.0251667
2.7425e-008,0.0251667
2.7675e-008,0.0218333
2.7925e-008,0.0201667
2.8175e-008,0.0168333
2.8425e-008,0.0151667
2.8675e-008,0.0135
2.8925e-008,0.0135
2.9175e-008,0.0101667
2.9425e-008,0.0118333
2.9675e-008,0.0101667
2.9925e-008,0.0118333
3.0175e-008,0.0135
3.0425e-008,0.0301667
3.0675e-008,0.0585
3.0925e-008,0.0885
3.1175e-008,0.0935
3.1425e-008,0.0785
3.1675e-008,0.0551667
3.1925e-008,0.0418333
3.2175e-008,0.0368333
3.2425e-008,0.0351667
3.2675e-008,0.0285
3.2925e-008,0.0235
3.3175e-008,0.0201667
3.3425e-008,0.0201667
3.3675e-008,0.0168333
3.3925e-008,0.0151667
3.4175e-008,0.0135
3.4425e-008,0.0135
3.4675e-008,0.0185
3.4925e-008,0.0385
3.5175e-008,0.0618333
3.5425e-008,0.0801667
3.5675e-008,0.0735
3.5925e-008,0.0568333
3.6175e-008,0.0385
3.6425e-008,0.0351667
3.6675e-008,0.0318333
3.6925e-008,0.0301667
3.7175e-008,0.0235
3.7425e-008,0.0201667
3.7675e-008,0.0168333
3.7925e-008,0.0168333
3.8175e-008,0.0151667
3.8425e-008,0.0135
3.8675e-008,0.0118333
3.8925e-008,0.0118333
3.9175e-008,0.0135
3.9425e-008,0.0268333
3.9675e-008,0.0651667
3.9925e-008,0.1185
4.0175e-008,0.150167
4.0425e-008,0.1435
4.0675e-008,0.106833
4.0925e-008,0.0768333
4.1175e-008,0.0601667
4.1425e-008,0.0568333
4.1675e-008,0.0501667
4.1925e-008,0.0418333
4.2175e-008,0.0318333
4.2425e-008,0.0301667
4.2675e-008,0.0268333
4.2925e-008,0.0251667
4.3175e-008,0.0218333
4.3425e-008,0.0201667
4.3675e-008,0.0151667
4.3925e-008,0.0168333
4.4175e-008,0.0135
4.4425e-008,0.0201667
4.4675e-008,0.0301667
4.4925e-008,0.0435
4.5175e-008,0.0535
4.5425e-008,0.0501667
4.5675e-008,0.0385
4.5925e-008,0.0301667
4.6175e-008,0.0251667
4.6425e-008,0.0251667
4.6675e-008,0.0201667
4.6925e-008,0.0185
4.7175e-008,0.0168333
4.7425e-008,0.0151667
4.7675e-008,0.0135
4.7925e-008,0.0135
4.8175e-008,0.0118333
4.8425e-008,0.0118333
4.8675e-008,0.0101667
4.8925e-008,0.0118333
4.9175e-008,0.0185
4.9425e-008,0.0435
4.9675e-008,0.0768333
4.9925e-008,0.0985
5.0175e-008,0.0935
5.0425e-008,0.0718333
5.0675e-008,0.0501667
5.0925e-008,0.0418333
5.1175e-008,0.0385
5.1425e-008,0.0351667
5.1675e-008,0.0301667
5.1925e-008,0.0251667
5.2175e-008,0.0201667
5.2425e-008,0.0218333
5.2675e-008,0.0168333
5.2925e-008,0.0168333
5.3175e-008,0.0151667
5.3425e-008,0.0185
5.3675e-008,0.0285
5.3925e-008,0.0501667
5.4175e-008,0.0701667
5.4425e-008,0.0801667
5.4675e-008,0.0651667
5.4925e-008,0.0501667
5.5175e-008,0.0368333
5.5425e-008,0.0335
5.5675e-008,0.0318333
5.5925e-008,0.0268333
5.6175e-008,0.0218333
5.6425e-008,0.0201667
5.6675e-008,0.0185
5.6925e-008,0.0168333
5.7175e-008,0.0151667
5.7425e-008,0.0151667
5.7675e-008,0.0118333
5.7925e-008,0.0135
5.8175e-008,0.0168333
5.8425e-008,0.0385
5.8675e-008,0.0818333
5.8925e-008,0.1235
5.9175e-008,0.136833
5.9425e-008,0.116833
5.9675e-008,0.0835
5.9925e-008,0.0618333
6.0175e-008,0.0518333
6.0425e-008,0.0485
6.0675e-008,0.0435
6.0925e-008,0.0351667
6.1175e-008,0.0285
6.1425e-008,0.0268333
6.1675e-008,0.0235
6.1925e-008,0.0218333
6.2175e-008,0.0168333
6.2425e-008,0.0168333
6.2675e-008,0.0151667
6.2925e-008,0.0151667
6.3175e-008,0.0151667
6.3425e-008,0.0201667
6.3675e-008,0.0285
6.3925e-008,0.0385
6.4175e-008,0.0418333
6.4425e-008,0.0368333
6.4675e-008,0.0285
6.4925e-008,0.0235
6.5175e-008,0.0201667
6.5425e-008,0.0201667
6.5675e-008,0.0168333
6.5925e-008,0.0151667
6.6175e-008,0.0135
6.6425e-008,0.0135
6.6675e-008,0.0118333
6.6925e-008,0.0118333
6.7175e-008,0.0101667
6.7425e-008,0.0101667
6.7675e-008,0.0101667
6.7925e-008,0.0118333
6.8175e-008,0.0218333
6.8425e-008,0.0418333
6.8675e-008,0.0618333
6.8925e-008,0.0701667
6.9175e-008,0.0585
6.9425e-008,0.0418333
6.9675e-008,0.0318333
6.9925e-008,0.0301667
7.0175e-008,0.0251667
7.0425e-008,0.0235
7.0675e-008,0.0185
7.0925e-008,0.0185
7.1175e-008,0.0151667
7.1425e-008,0.0168333
7.1675e-008,0.0135
7.1925e-008,0.0135
7.2175e-008,0.0118333
7.2425e-008,0.0168333
7.2675e-008,0.0285
7.2925e-008,0.0435
7.3175e-008,0.0535
7.3425e-008,0.0518333
7.3675e-008,0.0401667
7.3925e-008,0.0318333
7.4175e-008,0.0251667
7.4425e-008,0.0251667
7.4675e-008,0.0201667
7.4925e-008,0.0185
7.5175e-008,0.0151667
7.5425e-008,0.0151667
7.5675e-008,0.0135
7.5925e-008,0.0135
7.6175e-008,0.0118333
7.6425e-008,0.0118333
7.6675e-008,0.0101667
7.6925e-008,0.0118333
7.7175e-008,0.0168333
7.7425e-008,0.0401667
7.7675e-008,0.0735
7.7925e-008,0.0951667
7.8175e-008,0.0918333
7.8425e-008,0.0718333
7.8675e-008,0.0501667
7.8925e-008,0.0401667
7.9175e-008,0.0351667
7.9425e-008,0.0351667
7.9675e-008,0.0285
7.9925e-008,0.0235
8.0175e-008,0.0201667
8.0425e-008,0.0201667
8.0675e-008,0.0168333
8.0925e-008,0.0151667
8.1175e-008,0.0118333
8.1425e-008,0.0135
8.1675e-008,0.0135
8.1925e-008,0.0118333
8.2175e-008,0.0118333
8.2425e-008,0.0185
8.2675e-008,0.0251667
8.2925e-008,0.0318333
8.3175e-008,0.0285
8.3425e-008,0.0235
8.3675e-008,0.0185
8.3925e-008,0.0168333
8.4175e-008,0.0151667
8.4425e-008,0.0135
8.4675e-008,0.0118333
8.4925e-008,0.0118333
8.5175e-008,0.0101667
8.5425e-008,0.0101667
8.5675e-008,0.0101667
8.5925e-008,0.0085
8.6175e-008,0.0085
8.6425e-008,0.0085
8.6675e-008,0.0085
8.6925e-008,0.0135
8.7175e-008,0.0251667
8.7425e-008,0.0451667
8.7675e-008,0.0568333
8.7925e-008,0.0568333
8.8175e-008,0.0435
8.8425e-008,0.0318333
8.8675e-008,0.0251667
8.8925e-008,0.0235
8.9175e-008,0.0218333
8.9425e-008,0.0185
8.9675e-008,0.0135
8.9925e-008,0.0135
9.0175e-008,0.0118333
9.0425e-008,0.0135
9.0675e-008,0.0101667
9.0925e-008,0.0101667
9.1175e-008,0.0101667
9.1425e-008,0.0151667
9.1675e-008,0.0218333
9.1925e-008,0.0318333
9.2175e-008,0.0335
9.2425e-008,0.0301667
9.2675e-008,0.0218333
9.2925e-008,0.0185
9.3175e-008,0.0168333
9.3425e-008,0.0168333
9.3675e-008,0.0135
9.3925e-008,0.0135
9.4175e-008,0.0101667
9.4425e-008,0.0101667
9.4675e-008,0.0101667
9.4925e-008,0.0101667
9.5175e-008,0.00683333
9.5425e-008,0.0085
9.5675e-008,0.00683333
9.5925e-008,0.0101667
9.6175e-008,0.0201667
9.6425e-008,0.0385
9.6675e-008,0.0601667
9.6925e-008,0.0685
9.7175e-008,0.0568333
9.7425e-008,0.0435
9.7675e-008,0.0318333
9.7925e-008,0.0285
9.8175e-008,0.0251667
9.8425e-008,0.0218333
9.8675e-008,0.0185
9.8925e-008,0.0168333
9.9175e-008,0.0135
9.9425e-008,0.0135
9.9675e-008,0.0118333
9.9925e-008,0.0118333
1.00175e-007,0.0101667
1.00425e-007,0.0101667
1.00675e-007,0.0101667
1.00925e-007,0.0101667
1.01175e-007,0.0118333
1.01425e-007,0.0185
1.01675e-007,0.0251667
1.01925e-007,0.0285
1.02175e-007,0.0235
1.02425e-007,0.0185
1.02675e-007,0.0151667
1.02925e-007,0.0151667
1.03175e-007,0.0135
1.03425e-007,0.0135
1.03675e-007,0.0101667
1.03925e-007,0.0101667
1.04175e-007,0.0085
1.04425e-007,0.0101667
1.04675e-007,0.0085
1.04925e-007,0.0101667
1.05175e-007,0.00683333
1.05425e-007,0.0085
1.05675e-007,0.0085
1.05925e-007,0.0151667
1.06175e-007,0.0268333
1.06425e-007,0.0418333
1.06675e-007,0.0451667
1.06925e-007,0.0401667
1.07175e-007,0.0285
1.07425e-007,0.0235
1.07675e-007,0.0201667
1.07925e-007,0.0201667
1.08175e-007,0.0168333
1.08425e-007,0.0151667
1.08675e-007,0.0118333
1.08925e-007,0.0135
1.09175e-007,0.0101667
1.09425e-007,0.0101667
1.09675e-007,0.0085
1.09925e-007,0.0101667
1.10175e-007,0.0101667
1.10425e-007,0.0168333
1.10675e-007,0.0285
1.10925e-007,0.0368333
1.11175e-007,0.0335
1.11425e-007,0.0285
1.11675e-007,0.0201667
1.11925e-007,0.0201667
1.12175e-007,0.0168333
1.12425e-007,0.0168333
1.12675e-007,0.0135
1.12925e-007,0.0135
1.13175e-007,0.0101667
1.13425e-007,0.0101667
1.13675e-007,0.0101667
1.13925e-007,0.0101667
1.14175e-007,0.0085
1.14425e-007,0.00683333
1.14675e-007,0.0085
1.14925e-007,0.0118333
1.15175e-007,0.0251667
1.15425e-007,0.0485
1.15675e-007,0.0635
1.15925e-007,0.0635
1.16175e-007,0.0485
1.16425e-007,0.0368333
1.16675e-007,0.0285
1.16925e-007,0.0268333
1.17175e-007,0.0235
1.17425e-007,0.0218333
1.17675e-007,0.0168333
1.17925e-007,0.0151667
1.18175e-007,0.0135
1.18425e-007,0.0135
1.18675e-007,0.0118333
1.18925e-007,0.0101667
1.19175e-007,0.0101667
1.19425e-007,0.0101667
1.19675e-007,0.0101667
1.19925e-007,0.0101667
1.20175e-007,0.0118333
1.20425e-007,0.0185
1.20675e-007,0.0201667
1.20925e-007,0.0201667
1.21175e-007,0.0168333
1.21425e-007,0.0135
1.21675e-007,0.0118333
1.21925e-007,0.0118333
1.22175e-007,0.0101667
1.22425e-007,0.0101667
1.22675e-007,0.0085
1.22925e-007,0.0101667
1.23175e-007,0.00683333
1.23425e-007,0.0085
1.23675e-007,0.00683333
1.23925e-007,0.00683333
1.24175e-007,0.00683333
1.24425e-007,0.0085
1.24675e-007,0.0085
1.24925e-007,0.0135
1.25175e-007,0.0235
1.25425e-007,0.0285
1.25675e-007,0.0285
1.25925e-007,0.0235
1.26175e-007,0.0185
1.26425e-007,0.0151667
1.26675e-007,0.0135
1.26925e-007,0.0118333
1.27175e-007,0.0101667
1.27425e-007,0.0101667
1.27675e-007,0.0085
1.27925e-007,0.0101667
1.28175e-007,0.00683333
1.28425e-007,0.0085
1.28675e-007,0.0085
1.28925e-007,0.0085
1.29175e-007,0.0101667
1.29425e-007,0.0168333
1.29675e-007,0.0218333
1.29925e-007,0.0251667
1.30175e-007,0.0218333
1.30425e-007,0.0168333
1.30675e-007,0.0135
1.30925e-007,0.0135
1.31175e-007,0.0118333
1.31425e-007,0.0118333
1.31675e-007,0.0101667
1.31925e-007,0.0101667
1.32175e-007,0.00683333
1.32425e-007,0.0085
1.32675e-007,0.00683333
1.32925e-007,0.0085
1.33175e-007,0.00683333
1.33425e-007,0.00683333
1.33675e-007,0.00683333
1.33925e-007,0.0151667
1.34175e-007,0.0251667
1.34425e-007,0.0435
1.34675e-007,0.0485
1.34925e-007,0.0435
1.35175e-007,0.0301667
1.35425e-007,0.0251667
1.35675e-007,0.0201667
1.35925e-007,0.0201667
1.36175e-007,0.0168333
1.36425e-007,0.0151667
1.36675e-007,0.0118333
1.36925e-007,0.0118333
1.37175e-007,0.0101667
1.37425e-007,0.0101667
1.37675e-007,0.0085
1.37925e-007,0.0101667
1.38175e-007,0.00683333
1.38425e-007,0.0085
1.38675e-007,0.0085
1.38925e-007,0.0101667
1.39175e-007,0.0101667
1.39425e-007,0.0168333
1.39675e-007,0.0168333
1.39925e-007,0.0151667
1.40175e-007,0.0118333
1.40425e-007,0.0101667
1.40675e-007,0.0101667
1.40925e-007,0.0101667
1.41175e-007,0.0085
1.41425e-007,0.0085
1.41675e-007,0.00683333
1.41925e-007,0.0085
1.42175e-007,0.00683333
1.42425e-007,0.00683333
1.42675e-007,0.00683333
1.42925e-007,0.00683333
1.43175e-007,0.00683333
1.43425e-007,0.00683333
1.43675e-007,0.0085
1.43925e-007,0.0135
1.44175e-007,0.0201667
1.44425e-007,0.0235
1.44675e-007,0.0201667
1.44925e-007,0.0151667
1.45175e-007,0.0118333
1.45425e-007,0.0118333
1.45675e-007,0.0118333
1.45925e-007,0.0101667
1.46175e-007,0.0085
1.46425e-007,0.0101667
1.46675e-007,0.0085
1.46925e-007,0.0085
1.47175e-007,0.00683333
1.47425e-007,0.00683333
1.47675e-007,0.00683333
1.47925e-007,0.0085
1.48175e-007,0.0101667
1.48425e-007,0.0168333
1.48675e-007,0.0218333
1.48925e-007,0.0218333
1.49175e-007,0.0168333
1.49425e-007,0.0151667
1.49675e-007,0.0118333
1.49925e-007,0.0118333
1.50175e-007,0.0101667
1.50425e-007,0.0101667
1.50675e-007,0.0085
1.50925e-007,0.0085
1.51175e-007,0.00683333
1.51425e-007,0.0085
1.51675e-007,0.00683333
1.51925e-007,0.00683333
1.52175e-007,0.00683333
1.52425e-007,0.00683333
1.52675e-007,0.0085
1.52925e-007,0.0151667
1.53175e-007,0.0251667
1.53425e-007,0.0368333
1.53675e-007,0.0351667
1.53925e-007,0.0285
1.54175e-007,0.0201667
1.54425e-007,0.0168333
1.54675e-007,0.0151667
1.54925e-007,0.0151667
1.55175e-007,0.0118333
1.55425e-007,0.0101667
1.55675e-007,0.0101667
1.55925e-007,0.0101667
1.56175e-007,0.0085
1.56425e-007,0.0085
1.56675e-007,0.00683333
1.56925e-007,0.0085
1.57175e-007,0.00683333
1.57425e-007,0.00683333
1.57675e-007,0.00683333
1.57925e-007,0.0101667
1.58175e-007,0.0118333
1.58425e-007,0.0168333
1.58675e-007,0.0151667
1.58925e-007,0.0135
1.59175e-007,0.0101667
1.59425e-007,0.0101667
1.59675e-007,0.0085
1.59925e-007,0.0101667
1.60175e-007,0.00683333
1.60425e-007,0.0085
1.60675e-007,0.00683333
1.60925e-007,0.00683333
1.61175e-007,0.00683333
1.61425e-007,0.00683333
1.61675e-007,0.00683333
1.61925e-007,0.00683333
1.62175e-007,0.00516667
1.62425e-007,0.00683333
1.62675e-007,0.0118333
1.62925e-007,0.0201667
1.63175e-007,0.0251667
1.63425e-007,0.0268333
1.63675e-007,0.0218333
1.63925e-007,0.0185
1.64175e-007,0.0135
1.64425e-007,0.0135
1.64675e-007,0.0101667
1.64925e-007,0.0118333
1.65175e-007,0.0085
1.65425e-007,0.0101667
1.65675e-007,0.0085
1.65925e-007,0.0085
1.66175e-007,0.00683333
1.66425e-007,0.00683333
1.66675e-007,0.00683333
1.66925e-007,0.0101667
1.67175e-007,0.0185
1.67425e-007,0.0268333
1.67675e-007,0.0301667
1.67925e-007,0.0285
1.68175e-007,0.0201667
1.68425e-007,0.0168333
1.68675e-007,0.0135
1.68925e-007,0.0135
1.69175e-007,0.0118333
1.69425e-007,0.0118333
1.69675e-007,0.0101667
1.69925e-007,0.0101667
1.70175e-007,0.0085
1.70425e-007,0.0085
1.70675e-007,0.00683333
1.70925e-007,0.00683333
1.71175e-007,0.00683333
1.71425e-007,0.0085
1.71675e-007,0.0151667
1.71925e-007,0.0351667
1.72175e-007,0.0551667
1.72425e-007,0.0668333
1.72675e-007,0.0601667
1.72925e-007,0.0451667
1.73175e-007,0.0335
1.73425e-007,0.0301667
1.73675e-007,0.0268333
1.73925e-007,0.0251667
1.74175e-007,0.0201667
1.74425e-007,0.0168333
1.74675e-007,0.0135
1.74925e-007,0.0135
1.75175e-007,0.0118333
1.75425e-007,0.0118333
1.75675e-007,0.0101667
1.75925e-007,0.0101667
1.76175e-007,0.0085
1.76425e-007,0.0101667
1.76675e-007,0.0118333
1.76925e-007,0.0168333
1.77175e-007,0.0235
1.77425e-007,0.0268333
1.77675e-007,0.0218333
1.77925e-007,0.0185
1.78175e-007,0.0151667
1.78425e-007,0.0151667
1.78675e-007,0.0118333
1.78925e-007,0.0135
1.79175e-007,0.0101667
1.79425e-007,0.0101667
1.79675e-007,0.0085
1.79925e-007,0.0085
1.80175e-007,0.00683333
1.80425e-007,0.0085
1.80675e-007,0.00683333
1.80925e-007,0.00683333
1.81175e-007,0.00683333
1.81425e-007,0.0101667
1.81675e-007,0.0168333
1.81925e-007,0.0268333
1.82175e-007,0.0301667
1.82425e-007,0.0268333
1.82675e-007,0.0185
1.82925e-007,0.0168333
1.83175e-007,0.0135
1.83425e-007,0.0151667
1.83675e-007,0.0118333
1.83925e-007,0.0101667
1.84175e-007,0.0085
1.84425e-007,0.0085
1.84675e-007,0.00683333
1.84925e-007,0.0085
1.85175e-007,0.00683333
1.85425e-007,0.00683333
1.85675e-007,0.0085
1.85925e-007,0.0168333
1.86175e-007,0.0285
1.86425e-007,0.0385
1.86675e-007,0.0385
1.86925e-007,0.0318333
1.87175e-007,0.0235
1.87425e-007,0.0201667
1.87675e-007,0.0168333
1.87925e-007,0.0168333
1.88175e-007,0.0135
1.88425e-007,0.0118333
1.88675e-007,0.0101667
1.88925e-007,0.0101667
1.89175e-007,0.0101667
1.89425e-007,0.0101667
1.89675e-007,0.0085
1.89925e-007,0.0085
1.90175e-007,0.00683333
1.90425e-007,0.0101667
1.90675e-007,0.0135
1.90925e-007,0.0235
1.91175e-007,0.0301667
1.91425e-007,0.0318333
1.91675e-007,0.0251667
1.91925e-007,0.0201667
1.92175e-007,0.0151667
1.92425e-007,0.0151667
1.92675e-007,0.0118333
1.92925e-007,0.0135
1.93175e-007,0.0085
1.93425e-007,0.0085
1.93675e-007,0.00683333
1.93925e-007,0.0101667
1.94175e-007,0.00683333
1.94425e-007,0.00683333
1.94675e-007,0.00683333
1.94925e-007,0.00683333
1.95175e-007,0.00683333
1.95425e-007,0.00683333
1.95675e-007,0.0101667
1.95925e-007,0.0168333
1.96175e-007,0.0235
1.96425e-007,0.0235
1.96675e-007,0.0185
1.96925e-007,0.0151667
1.97175e-007,0.0118333
1.97425e-007,0.0118333
1.97675e-007,0.0118333
1.97925e-007,0.0101667
1.98175e-007,0.0085
1.98425e-007,0.0085
1.98675e-007,0.0085
1.98925e-007,0.0085
1.99175e-007,0.00683333
1.99425e-007,0.00683333
1.99675e-007,0.00683333
1.99925e-007,0.0085
2.00175e-007,0.00683333
2.00425e-007,0.0101667
2.00675e-007,0.0151667
2.00925e-007,0.0201667
2.01175e-007,0.0201667
2.01425e-007,0.0168333
2.01675e-007,0.0135
2.01925e-007,0.0118333
2.02175e-007,0.0101667
2.02425e-007,0.0101667
2.02675e-007,0.0085
2.02925e-007,0.0085
2.03175e-007,0.00683333
2.03425e-007,0.0085
2.03675e-007,0.00683333
2.03925e-007,0.00683333
2.04175e-007,0.00683333
2.04425e-007,0.00683333
2.04675e-007,0.0085
2.04925e-007,0.0151667
2.05175e-007,0.0218333
2.05425e-007,0.0251667
2.05675e-007,0.0235
2.05925e-007,0.0168333
2.06175e-007,0.0118333
2.06425e-007,0.0135
2.06675e-007,0.0118333
2.06925e-007,0.0101667
2.07175e-007,0.0085
2.07425e-007,0.0085
2.07675e-007,0.0085
2.07925e-007,0.00683333
2.08175e-007,0.00683333
2.08425e-007,0.00683333
2.08675e-007,0.00683333
2.08925e-007,0.00683333
2.09175e-007,0.00683333
2.09425e-007,0.0085
2.09675e-007,0.0135
2.09925e-007,0.0218333
2.10175e-007,0.0251667
2.10425e-007,0.0235
2.10675e-007,0.0168333
2.10925e-007,0.0151667
2.11175e-007,0.0118333
2.11425e-007,0.0118333
2.11675e-007,0.0101667
2.11925e-007,0.0101667
2.12175e-007,0.0085
2.12425e-007,0.0085
2.12675e-007,0.00683333
2.12925e-007,0.0085
2.13175e-007,0.00683333
2.13425e-007,0.00683333
2.13675e-007,0.00683333
2.13925e-007,0.00516667
2.14175e-007,0.00683333
2.14425e-007,0.00683333
2.14675e-007,0.0101667
2.14925e-007,0.0151667
2.15175e-007,0.0168333
2.15425e-007,0.0168333
2.15675e-007,0.0101667
2.15925e-007,0.0101667
2.16175e-007,0.0085
2.16425e-007,0.0101667
2.16675e-007,0.00683333
2.16925e-007,0.0085
2.17175e-007,0.00683333
2.17425e-007,0.00516667
2.17675e-007,0.00683333
2.17925e-007,0.00683333
2.18175e-007,0.00683333
2.18425e-007,0.00516667
2.18675e-007,0.00683333
2.18925e-007,0.00516667
2.19175e-007,0.00683333
2.19425e-007,0.0151667
2.19675e-007,0.0201667
2.19925e-007,0.0251667
2.20175e-007,0.0218333
2.20425e-007,0.0185
2.20675e-007,0.0135
2.20925e-007,0.0135
2.21175e-007,0.0118333
2.21425e-007,0.0118333
2.21675e-007,0.0085
2.21925e-007,0.0085
2.22175e-007,0.00683333
2.22425e-007,0.0085
2.22675e-007,0.00683333
2.22925e-007,0.00683333
2.23175e-007,0.00683333
2.23425e-007,0.0085
2.23675e-007,0.0118333
2.23925e-007,0.0185
2.24175e-007,0.0218333
2.24425e-007,0.0235
2.24675e-007,0.0185
2.24925e-007,0.0151667
2.25175e-007,0.0118333
2.25425e-007,0.0135
2.25675e-007,0.0118333
2.25925e-007,0.0101667
2.26175e-007,0.0085
2.26425e-007,0.0085
2.26675e-007,0.00683333
2.26925e-007,0.0085
2.27175e-007,0.00683333
2.27425e-007,0.00683333
2.27675e-007,0.00683333
2.27925e-007,0.00683333
2.28175e-007,0.00683333
2.28425e-007,0.0101667
2.28675e-007,0.0151667
2.28925e-007,0.0235
2.29175e-007,0.0235
2.29425e-007,0.0185
2.29675e-007,0.0151667
2.29925e-007,0.0135
2.30175e-007,0.0101667
2.30425e-007,0.0118333
2.30675e-007,0.0101667
2.30925e-007,0.0085
2.31175e-007,0.00683333
2.31425e-007,0.0085
2.31675e-007,0.00683333
2.31925e-007,0.00516667
2.32175e-007,0.00683333
2.32425e-007,0.00683333
2.32675e-007,0.00683333
2.32925e-007,0.00516667
2.33175e-007,0.00683333
2.33425e-007,0.0085
2.33675e-007,0.0118333
2.33925e-007,0.0151667
2.34175e-007,0.0151667
2.34425e-007,0.0135
2.34675e-007,0.0118333
2.34925e-007,0.0101667
2.35175e-007,0.0085
2.35425e-007,0.0101667
2.35675e-007,0.0085
2.35925e-007,0.0085
2.36175e-007,0.00683333
2.36425e-007,0.00683333
2.36675e-007,0.00683333
2.36925e-007,0.00683333
2.37175e-007,0.00516667
2.37425e-007,0.00516667
2.37675e-007,0.00683333
2.37925e-007,0.00516667
2.38175e-007,0.0085
2.38425e-007,0.0151667
2.38675e-007,0.0168333
2.38925e-007,0.0201667
2.39175e-007,0.0151667
2.39425e-007,0.0135
2.39675e-007,0.0101667
2.39925e-007,0.0101667
2.40175e-007,0.0085
2.40425e-007,0.0101667
2.40675e-007,0.0085
2.40925e-007,0.0085
2.41175e-007,0.00683333
2.41425e-007,0.00683333
2.41675e-007,0.00683333
2.41925e-007,0.00683333
2.42175e-007,0.00516667
2.42425e-007,0.00683333
2.42675e-007,0.0101667
2.42925e-007,0.0135
2.43175e-007,0.0151667
2.43425e-007,0.0151667
2.43675e-007,0.0101667
2.43925e-007,0.0101667
2.44175e-007,0.0085
2.44425e-007,0.0101667
2.44675e-007,0.0085
2.44925e-007,0.0085
2.45175e-007,0.00683333
2.45425e-007,0.00683333
2.45675e-007,0.00683333
2.45925e-007,0.00683333
2.46175e-007,0.00683333
2.46425e-007,0.00516667
2.46675e-007,0.00516667
2.46925e-007,0.00516667
2.47175e-007,0.00683333
2.47425e-007,0.0135
2.47675e-007,0.0185
2.47925e-007,0.0235
2.48175e-007,0.0201667
2.48425e-007,0.0168333
2.48675e-007,0.0118333
2.48925e-007,0.0118333
2.49175e-007,0.0101667
2.49425e-007,0.0101667
2.49675e-007,0.0085
2.49925e-007,0.0085
2.50175e-007,0.00683333
2.50425e-007,0.00683333
2.50675e-007,0.00683333
2.50925e-007,0.00683333
2.51175e-007,0.00516667
2.51425e-007,0.00683333
2.51675e-007,0.00516667
2.51925e-007,0.00683333
2.52175e-007,0.00516667
2.52425e-007,0.0085
2.52675e-007,0.0101667
2.52925e-007,0.0118333
2.53175e-007,0.0085
2.53425e-007,0.0085
2.53675e-007,0.0085
2.53925e-007,0.0085
2.54175e-007,0.00683333
2.54425e-007,0.00683333
2.54675e-007,0.00683333
2.54925e-007,0.00683333
2.55175e-007,0.00516667
2.55425e-007,0.00683333
2.55675e-007,0.00516667
2.55925e-007,0.00516667
2.56175e-007,0.00516667
2.56425e-007,0.00516667
2.56675e-007,0.00516667
2.56925e-007,0.00516667
2.57175e-007,0.00683333
2.57425e-007,0.0135
2.57675e-007,0.0135
2.57925e-007,0.0135
2.58175e-007,0.0101667
2.58425e-007,0.0101667
2.58675e-007,0.0085
2.58925e-007,0.0085
2.59175e-007,0.00683333
2.59425e-007,0.00683333
2.59675e-007,0.00683333
2.59925e-007,0.00683333
2.60175e-007,0.00516667
2.60425e-007,0.00683333
2.60675e-007,0.00516667
2.60925e-007,0.00516667
2.61175e-007,0.00516667
2.61425e-007,0.00683333
2.61675e-007,0.0101667
2.61925e-007,0.0118333
2.62175e-007,0.0118333
2.62425e-007,0.0101667
2.62675e-007,0.0085
2.62925e-007,0.0085
2.63175e-007,0.00683333
2.63425e-007,0.00683333
2.63675e-007,0.00683333
2.63925e-007,0.00683333
2.64175e-007,0.00683333
2.64425e-007,0.00683333
2.64675e-007,0.00516667
2.64925e-007,0.00516667
2.65175e-007,0.0035
2.65425e-007,0.00516667
2.65675e-007,0.00516667
2.65925e-007,0.00516667
2.66175e-007,0.00683333
2.66425e-007,0.0118333
2.66675e-007,0.0135
2.66925e-007,0.0168333
2.67175e-007,0.0135
2.67425e-007,0.0118333
2.67675e-007,0.0085
2.67925e-007,0.0101667
2.68175e-007,0.0085
2.68425e-007,0.0085
2.68675e-007,0.00683333
2.68925e-007,0.00516667
2.69175e-007,0.00683333
2.69425e-007,0.00683333
2.69675e-007,0.00683333
2.69925e-007,0.00516667
2.70175e-007,0.00516667
2.70425e-007,0.00516667
2.70675e-007,0.00516667
2.70925e-007,0.00516667
2.71175e-007,0.00516667
2.71425e-007,0.0085
2.71675e-007,0.0101667
2.71925e-007,0.0085
2.72175e-007,0.00683333
2.72425e-007,0.0085
2.72675e-007,0.00683333
2.72925e-007,0.00683333
2.73175e-007,0.00683333
2.73425e-007,0.00683333
2.73675e-007,0.00683333
2.73925e-007,0.00516667
2.74175e-007,0.0035
2.74425e-007,0.00516667
2.74675e-007,0.00516667
2.74925e-007,0.00516667
2.75175e-007,0.0035
2.75425e-007,0.00516667
2.75675e-007,0.00516667
2.75925e-007,0.00516667
2.76175e-007,0.00683333
2.76425e-007,0.0085
2.76675e-007,0.0085
2.76925e-007,0.0085
2.77175e-007,0.00683333
2.77425e-007,0.00683333
2.77675e-007,0.00683333
2.77925e-007,0.00516667
2.78175e-007,0.00516667
2.78425e-007,0.00516667
2.78675e-007,0.00683333
2.78925e-007,0.00516667
2.79175e-007,0.00516667
2.79425e-007,0.00516667
2.79675e-007,0.0035
2.79925e-007,0.00516667
2.80175e-007,0.0035
2.80425e-007,0.00683333
2.80675e-007,0.0085
2.80925e-007,0.0101667
2.81175e-007,0.0085
2.81425e-007,0.0085
2.81675e-007,0.00683333
2.81925e-007,0.00683333
2.82175e-007,0.00516667
2.82425e-007,0.00683333
2.82675e-007,0.00683333
2.82925e-007,0.00516667
2.83175e-007,0.00516667
2.83425e-007,0.00516667
2.83675e-007,0.00516667
2.83925e-007,0.00516667
2.84175e-007,0.0035
2.84425e-007,0.00516667
2.84675e-007,0.00516667
2.84925e-007,0.00516667
2.85175e-007,0.00683333
2.85425e-007,0.0101667
2.85675e-007,0.0101667
2.85925e-007,0.0101667
2.86175e-007,0.0085
2.86425e-007,0.0085
2.86675e-007,0.00683333
2.86925e-007,0.00683333
2.87175e-007,0.00683333
2.87425e-007,0.00683333
2.87675e-007,0.00516667
2.87925e-007,0.00516667
2.88175e-007,0.0035
2.88425e-007,0.00516667
2.88675e-007,0.00516667
2.88925e-007,0.00516667
2.89175e-007,0.0035
2.89425e-007,0.00516667
2.89675e-007,0.00516667
2.89925e-007,0.00516667
2.90175e-007,0.00516667
2.90425e-007,0.00683333
2.90675e-007,0.0085
2.90925e-007,0.0085
2.91175e-007,0.00683333
2.91425e-007,0.00683333
2.91675e-007,0.00516667
2.91925e-007,0.00683333
2.92175e-007,0.00683333
2.92425e-007,0.00516667
2.92675e-007,0.00516667
2.92925e-007,0.00516667
2.93175e-007,0.00516667
2.93425e-007,0.00516667
2.93675e-007,0.00516667
2.93925e-007,0.00516667
2.94175e-007,0.0035
2.94425e-007,0.00516667
2.94675e-007,0.0035
2.94925e-007,0.00516667
2.95175e-007,0.00683333
2.95425e-007,0.0085
2.95675e-007,0.00683333
2.95925e-007,0.00683333
2.96175e-007,0.00683333
2.96425e-007,0.00683333
2.96675e-007,0.00683333
2.96925e-007,0.00516667
2.97175e-007,0.00516667
2.97425e-007,0.00516667
2.97675e-007,0.00516667
2.97925e-007,0.00516667
2.98175e-007,0.00516667
2.98425e-007,0.00516667
2.98675e-007,0.00516667
2.98925e-007,0.00516667
2.99175e-007,0.00516667
2.99425e-007,0.00683333
2.99675e-007,0.00683333
2.99925e-007,0.00683333
3.00175e-007,0.00683333
3.00425e-007,0.00683333
3.00675e-007,0.00683333
3.00925e-007,0.00516667
3.01175e-007,0.00516667
3.01425e-007,0.00683333
3.01675e-007,0.00516667
3.01925e-007,0.00516667
3.02175e-007,0.0035
3.02425e-007,0.00683333
3.02675e-007,0.00516667
3.02925e-007,0.00516667
3.03175e-007,0.0035
3.03425e-007,0.00516667
3.03675e-007,0.00516667
3.03925e-007,0.00516667
3.04175e-007,0.00516667
3.04425e-007,0.00683333
3.04675e-007,0.00683333
3.04925e-007,0.00516667
3.05175e-007,0.00516667
3.05425e-007,0.00516667
3.05675e-007,0.00516667
3.05925e-007,0.00516667
3.06175e-007,0.0035
3.06425e-007,0.00516667
3.06675e-007,0.0035
3.06925e-007,0.00516667
3.07175e-007,0.0035
3.07425e-007,0.00516667
3.07675e-007,0.0035
3.07925e-007,0.00516667
3.08175e-007,0.0035
3.08425e-007,0.00516667
3.08675e-007,0.0035
3.08925e-007,0.00516667
3.09175e-007,0.0035
3.09425e-007,0.00516667
3.09675e-007,0.0035
3.09925e-007,0.0035
3.10175e-007,0.0035
3.10425e-007,0.00516667
3.10675e-007,0.0035
3.10925e-007,0.0035
3.11175e-007,0.0035
3.11425e-007,0.00516667
3.11675e-007,0.0035
3.11925e-007,0.0035
3.12175e-007,0.0035
3.12425e-007,0.00516667
3.12675e-007,0.0035
3.12925e-007,0.0035
3.13175e-007,0.0035
3.13425e-007,0.00516667
3.13675e-007,0.0035
3.13925e-007,0.0035
3.14175e-007,0.0035
3.14425e-007,0.00516667
3.14675e-007,0.0035
3.14925e-007,0.0035
3.15175e-007,0.0035
3.15425e-007,0.0035
3.15675e-007,0.0035
3.15925e-007,0.0035
3.16175e-007,0.0035
3.16425e-007,0.0035
3.16675e-007,0.0035
3.16925e-007,0.0035
3.17175e-007,0.0035
3.17425e-007,0.0035
3.17675e-007,0.0035
3.17925e-007,0.0035
3.18175e-007,0.0035
3.18425e-007,0.0035
3.18675e-007,0.0035
3.18925e-007,0.0035
3.19175e-007,0.0035
3.19425e-007,0.00516667
3.19675e-007,0.0035
3.19925e-007,0.0035
3.20175e-007,0.0035
3.20425e-007,0.00516667
3.20675e-007,0.0035
3.20925e-007,0.0035
3.21175e-007,0.0035
3.21425e-007,0.00516667
3.21675e-007,0.0035
3.21925e-007,0.0035
3.22175e-007,0.0035
3.22425e-007,0.00516667
3.22675e-007,0.0035
3.22925e-007,0.0035
3.23175e-007,0.0035
3.23425e-007,0.00516667
3.23675e-007,0.0035
3.23925e-007,0.0035
3.24175e-007,0.0035
3.24425e-007,0.00516667
3.24675e-007,0.0035
3.24925e-007,0.0035
3.25175e-007,0.0035
3.25425e-007,0.00516667
3.25675e-007,0.0035
3.25925e-007,0.0035
3.26175e-007,0.0035
3.26425e-007,0.00516667
3.26675e-007,0.0035
3.26925e-007,0.0035
3.27175e-007,0.0035
3.27425e-007,0.00516667
3.27675e-007,0.0035
3.27925e-007,0.0035
3.28175e-007,0.0035
3.28425e-007,0.00516667
3.28675e-007,0.0035
3.28925e-007,0.0035
3.29175e-007,0.0035
3.29425e-007,0.00516667
3.29675e-007,0.0035
3.29925e-007,0.0035
3.30175e-007,0.0035
3.30425e-007,0.00516667
3.30675e-007,0.0035
3.30925e-007,0.0035
3.31175e-007,0.0035
3.31425e-007,0.0035
3.31675e-007,0.0035
3.31925e-007,0.0035
3.32175e-007,0.0035
3.32425e-007,0.0035
3.32675e-007,0.0035
3.32925e-007,0.0035
3.33175e-007,0.0035
3.33425e-007,0.0035
3.33675e-007,0.0035
3.33925e-007,0.0035
3.34175e-007,0.0035
3.34425e-007,0.0035
3.34675e-007,0.0035
3.34925e-007,0.0035
3.35175e-007,0.0035
3.35425e-007,0.0035
3.35675e-007,0.0035
3.35925e-007,0.0035
3.36175e-007,0.0035
3.36425e-007,0.0035
3.36675e-007,0.0035
3.36925e-007,0.0035
3.37175e-007,0.0035
3.37425e-007,0.0035
3.37675e-007,0.0035
3.37925e-007,0.0035
3.38175e-007,0.0035
3.38425e-007,0.0035
3.38675e-007,0.0035
3.38925e-007,0.0035
3.39175e-007,0.0035
3.39425e-007,0.0035
3.39675e-007,0.0035
3.39925e-007,0.0035
3.40175e-007,0.0035
3.40425e-007,0.0035
3.40675e-007,0.0035
3.40925e-007,0.0035
3.41175e-007,0.0035
3.41425e-007,0.0035
3.41675e-007,0.0035
3.41925e-007,0.0035
3.42175e-007,0.0035
3.42425e-007,0.0035
3.42675e-007,0.0035
3.42925e-007,0.0035
3.43175e-007,0.0035
3.43425e-007,0.0035
3.43675e-007,0.0035
3.43925e-007,0.0035
3.44175e-007,0.0035
3.44425e-007,0.0035
3.44675e-007,0.0035
3.44925e-007,0.0035
3.45175e-007,0.0035
3.45425e-007,0.0035
3.45675e-007,0.0035
3.45925e-007,0.0035
3.46175e-007,0.0035
3.46425e-007,0.0035
3.46675e-007,0.0035
3.46925e-007,0.0035
3.47175e-007,0.0035
3.47425e-007,0.0035
3.47675e-007,0.0035
3.47925e-007,0.0035
3.48175e-007,0.0035
3.48425e-007,0.0035
3.48675e-007,0.0035
3.48925e-007,0.0035
3.49175e-007,0.0035
3.49425e-007,0.0035
3.49675e-007,0.0035
3.49925e-007,0.0035
3.50175e-007,0.00183333
3.50425e-007,0.0035
3.50675e-007,0.0035
3.50925e-007,0.0035
3.51175e-007,0.00183333
3.51425e-007,0.0035
3.51675e-007,0.0035
3.51925e-007,0.0035
3.52175e-007,0.00183333
3.52425e-007,0.0035
3.52675e-007,0.0035
3.52925e-007,0.0035
3.53175e-007,0.00183333
3.53425e-007,0.0035
3.53675e-007,0.0035
3.53925e-007,0.0035
3.54175e-007,0.0035
3.54425e-007,0.0035
3.54675e-007,0.0035
3.54925e-007,0.0035
3.55175e-007,0.0035
3.55425e-007,0.0035
3.55675e-007,0.0035
3.55925e-007,0.0035
3.56175e-007,0.0035
3.56425e-007,0.0035
3.56675e-007,0.0035
3.56925e-007,0.0035
3.57175e-007,0.0035
3.57425e-007,0.0035
3.57675e-007,0.0035
3.57925e-007,0.0035
3.58175e-007,0.0035
3.58425e-007,0.0035
3.58675e-007,0.0035
3.58925e-007,0.0035
3.59175e-007,0.0035
3.59425e-007,0.0035
3.59675e-007,0.0035
3.59925e-007,0.0035
3.60175e-007,0.0035
3.60425e-007,0.0035
3.60675e-007,0.0035
3.60925e-007,0.0035
3.61175e-007,0.0035
3.61425e-007,0.0035
3.61675e-007,0.0035
3.61925e-007,0.0035
3.62175e-007,0.0035
3.62425e-007,0.0035
3.62675e-007,0.0035
3.62925e-007,0.0035
3.63175e-007,0.0035
3.63425e-007,0.0035
3.63675e-007,0.0035
3.63925e-007,0.0035
3.64175e-007,0.0035
3.64425e-007,0.0035
3.64675e-007,0.0035
3.64925e-007,0.0035
3.65175e-007,0.0035
3.65425e-007,0.0035
3.65675e-007,0.0035
3.65925e-007,0.0035
3.66175e-007,0.0035
3.66425e-007,0.0035
3.66675e-007,0.0035
3.66925e-007,0.0035
3.67175e-007,0.0035
3.67425e-007,0.0035
3.67675e-007,0.0035
3.67925e-007,0.0035
3.68175e-007,0.0035
3.68425e-007,0.0035
3.68675e-007,0.0035
3.68925e-007,0.0035
3.69175e-007,0.0035
3.69425e-007,0.0035
3.69675e-007,0.0035
3.69925e-007,0.0035
3.70175e-007,0.0035
3.70425e-007,0.0035
3.70675e-007,0.0035
3.70925e-007,0.0035
3.71175e-007,0.00183333
3.71425e-007,0.0035
3.71675e-007,0.0035
3.71925e-007,0.0035
3.72175e-007,0.00183333
3.72425e-007,0.00516667
3.72675e-007,0.0035
3.72925e-007,0.0035
3.73175e-007,0.0035
3.73425e-007,0.0035
3.73675e-007,0.0035
3.73925e-007,0.0035
3.74175e-007,0.0035
3.74425e-007,0.0035
3.74675e-007,0.0035
3.74925e-007,0.0035
3.75175e-007,0.0035
3.75425e-007,0.0035
3.75675e-007,0.0035
3.75925e-007,0.0035
3.76175e-007,0.0035
3.76425e-007,0.0035
3.76675e-007,0.0035
3.76925e-007,0.0035
3.77175e-007,0.0035
3.77425e-007,0.0035
3.77675e-007,0.0035
3.77925e-007,0.0035
3.78175e-007,0.0035
3.78425e-007,0.0035
3.78675e-007,0.0035
3.78925e-007,0.0035
3.79175e-007,0.00183333
3.79425e-007,0.0035
3.79675e-007,0.0035
3.79925e-007,0.0035
3.80175e-007,0.00183333
3.80425e-007,0.0035
3.80675e-007,0.0035
3.80925e-007,0.0035
3.81175e-007,0.00183333
3.81425e-007,0.0035
3.81675e-007,0.0035
3.81925e-007,0.0035
3.82175e-007,0.00183333
3.82425e-007,0.0035
3.82675e-007,0.0035
3.82925e-007,0.0035
3.83175e-007,0.00183333
3.83425e-007,0.0035
3.83675e-007,0.0035
3.83925e-007,0.0035
3.84175e-007,0.00183333
3.84425e-007,0.0035
3.84675e-007,0.0035
3.84925e-007,0.0035
3.85175e-007,0.00183333
3.85425e-007,0.0035
3.85675e-007,0.0035
3.85925e-007,0.0035
3.86175e-007,0.0035
3.86425e-007,0.0035
3.86675e-007,0.0035
3.86925e-007,0.0035
3.87175e-007,0.0035
3.87425e-007,0.0035
3.87675e-007,0.0035
3.87925e-007,0.0035
3.88175e-007,0.0035
3.88425e-007,0.0035
3.88675e-007,0.0035
3.88925e-007,0.0035
3.89175e-007,0.0035
3.89425e-007,0.0035
3.89675e-007,0.0035
3.89925e-007,0.0035
3.90175e-007,0.0035
3.90425e-007,0.0035
3.90675e-007,0.0035
3.90925e-007,0.0035
3.91175e-007,0.0035
3.91425e-007,0.0035
3.91675e-007,0.0035
3.91925e-007,0.0035
3.92175e-007,0.0035
3.92425e-007,0.0035
3.92675e-007,0.0035
3.92925e-007,0.0035
3.93175e-007,0.0035
3.93425e-007,0.0035
3.93675e-007,0.00183333
3.93925e-007,0.0035
3.94175e-007,0.0035
3.94425e-007,0.0035
3.94675e-007,0.00183333
3.94925e-007,0.0035
3.95175e-007,0.0035
3.95425e-007,0.0035
3.95675e-007,0.00183333
3.95925e-007,0.0035
3.96175e-007,0.0035
3.96425e-007,0.0035
3.96675e-007,0.00183333
3.96925e-007,0.0035
3.97175e-007,0.0035
3.97425e-007,0.0035
3.97675e-007,0.00183333
3.97925e-007,0.0035
3.98175e-007,0.0035
3.98425e-007,0.0035
3.98675e-007,0.00183333
3.98925e-007,0.0035
3.99175e-007,0.00183333
3.99425e-007,0.0035
3.99675e-007,0.00183333
3.99925e-007,0.0035
4.00175e-007,0.00183333
