LECROYWS3054,16293,Waveform
Segments,1,SegmentSize,2002
Segment,TrigTime,TimeSinceSegment1
#1,29-Jul-2023 14:47:41,0                 
Time,Ampl
-1.00025e-007,0.01
-9.9775e-008,0.00666667
-9.9525e-008,0.00666667
-9.9275e-008,0.00666667
-9.9025e-008,0.01
-9.8775e-008,0.00666667
-9.8525e-008,0.00666667
-9.8275e-008,0.00666667
-9.8025e-008,0.01
-9.7775e-008,0.00666667
-9.7525e-008,0.00666667
-9.7275e-008,0.00666667
-9.7025e-008,0.01
-9.6775e-008,0.00666667
-9.6525e-008,0.00666667
-9.6275e-008,0.00666667
-9.6025e-008,0.01
-9.5775e-008,0.00666667
-9.5525e-008,0.00666667
-9.5275e-008,0.00666667
-9.5025e-008,0.01
-9.4775e-008,0.00666667
-9.4525e-008,0.00666667
-9.4275e-008,0.00666667
-9.4025e-008,0.01
-9.3775e-008,0.00666667
-9.3525e-008,0.00666667
-9.3275e-008,0.00666667
-9.3025e-008,0.00666667
-9.2775e-008,0.00666667
-9.2525e-008,0.00666667
-9.2275e-008,0.00666667
-9.2025e-008,0.01
-9.1775e-008,0.00666667
-9.1525e-008,0.00666667
-9.1275e-008,0.00666667
-9.1025e-008,0.01
-9.0775e-008,0.00666667
-9.0525e-008,0.01
-9.0275e-008,0.00666667
-9.0025e-008,0.01
-8.9775e-008,0.00666667
-8.9525e-008,0.01
-8.9275e-008,0.00666667
-8.9025e-008,0.01
-8.8775e-008,0.00666667
-8.8525e-008,0.01
-8.8275e-008,0.00666667
-8.8025e-008,0.01
-8.7775e-008,0.00666667
-8.7525e-008,0.01
-8.7275e-008,0.00666667
-8.7025e-008,0.01
-8.6775e-008,0.00666667
-8.6525e-008,0.00666667
-8.6275e-008,0.00666667
-8.6025e-008,0.01
-8.5775e-008,0.00666667
-8.5525e-008,0.01
-8.5275e-008,0.00666667
-8.5025e-008,0.01
-8.4775e-008,0.00666667
-8.4525e-008,0.01
-8.4275e-008,0.00666667
-8.4025e-008,0.01
-8.3775e-008,0.00666667
-8.3525e-008,0.01
-8.3275e-008,0.00666667
-8.3025e-008,0.01
-8.2775e-008,0.00666667
-8.2525e-008,0.01
-8.2275e-008,0.00666667
-8.2025e-008,0.01
-8.1775e-008,0.00666667
-8.1525e-008,0.01
-8.1275e-008,0.00666667
-8.1025e-008,0.01
-8.0775e-008,0.00666667
-8.0525e-008,0.01
-8.0275e-008,0.00666667
-8.0025e-008,0.00666667
-7.9775e-008,0.00666667
-7.9525e-008,0.01
-7.9275e-008,0.00666667
-7.9025e-008,0.00666667
-7.8775e-008,0.00666667
-7.8525e-008,0.01
-7.8275e-008,0.00666667
-7.8025e-008,0.00666667
-7.7775e-008,0.00666667
-7.7525e-008,0.01
-7.7275e-008,0.00666667
-7.7025e-008,0.00666667
-7.6775e-008,0.00666667
-7.6525e-008,0.00666667
-7.6275e-008,0.00666667
-7.6025e-008,0.00666667
-7.5775e-008,0.00666667
-7.5525e-008,0.00666667
-7.5275e-008,0.00666667
-7.5025e-008,0.01
-7.4775e-008,0.00666667
-7.4525e-008,0.00666667
-7.4275e-008,0.00666667
-7.4025e-008,0.01
-7.3775e-008,0.00666667
-7.3525e-008,0.00666667
-7.3275e-008,0.00666667
-7.3025e-008,0.01
-7.2775e-008,0.00666667
-7.2525e-008,0.01
-7.2275e-008,0.00666667
-7.2025e-008,0.01
-7.1775e-008,0.00666667
-7.1525e-008,0.01
-7.1275e-008,0.00666667
-7.1025e-008,0.01
-7.0775e-008,0.00666667
-7.0525e-008,0.01
-7.0275e-008,0.00666667
-7.0025e-008,0.01
-6.9775e-008,0.00666667
-6.9525e-008,0.00666667
-6.9275e-008,0.00666667
-6.9025e-008,0.01
-6.8775e-008,0.00666667
-6.8525e-008,0.00666667
-6.8275e-008,0.00666667
-6.8025e-008,0.01
-6.7775e-008,0.00666667
-6.7525e-008,0.01
-6.7275e-008,0.00666667
-6.7025e-008,0.00666667
-6.6775e-008,0.00666667
-6.6525e-008,0.00666667
-6.6275e-008,0.00666667
-6.6025e-008,0.00666667
-6.5775e-008,0.00666667
-6.5525e-008,0.00666667
-6.5275e-008,0.00666667
-6.5025e-008,0.00666667
-6.4775e-008,0.00666667
-6.4525e-008,0.01
-6.4275e-008,0.00666667
-6.4025e-008,0.00666667
-6.3775e-008,0.00666667
-6.3525e-008,0.00666667
-6.3275e-008,0.00666667
-6.3025e-008,0.00666667
-6.2775e-008,0.00666667
-6.2525e-008,0.00666667
-6.2275e-008,0.00666667
-6.2025e-008,0.00666667
-6.1775e-008,0.00666667
-6.1525e-008,0.00666667
-6.1275e-008,0.00666667
-6.1025e-008,0.00666667
-6.0775e-008,0.00666667
-6.0525e-008,0.00666667
-6.0275e-008,0.00666667
-6.0025e-008,0.00666667
-5.9775e-008,0.00666667
-5.9525e-008,0.01
-5.9275e-008,0.00666667
-5.9025e-008,0.01
-5.8775e-008,0.00666667
-5.8525e-008,0.01
-5.8275e-008,0.00666667
-5.8025e-008,0.00666667
-5.7775e-008,0.00666667
-5.7525e-008,0.01
-5.7275e-008,0.00666667
-5.7025e-008,0.00666667
-5.6775e-008,0.00666667
-5.6525e-008,0.01
-5.6275e-008,0.00666667
-5.6025e-008,0.00666667
-5.5775e-008,0.00666667
-5.5525e-008,0.00666667
-5.5275e-008,0.00666667
-5.5025e-008,0.00666667
-5.4775e-008,0.00666667
-5.4525e-008,0.00666667
-5.4275e-008,0.00666667
-5.4025e-008,0.01
-5.3775e-008,0.00666667
-5.3525e-008,0.00666667
-5.3275e-008,0.00666667
-5.3025e-008,0.00666667
-5.2775e-008,0.00666667
-5.2525e-008,0.00666667
-5.2275e-008,0.00666667
-5.2025e-008,0.00666667
-5.1775e-008,0.00666667
-5.1525e-008,0.00666667
-5.1275e-008,0.00666667
-5.1025e-008,0.00666667
-5.0775e-008,0.00666667
-5.0525e-008,0.01
-5.0275e-008,0.00666667
-5.0025e-008,0.01
-4.9775e-008,0.01
-4.9525e-008,0.01
-4.9275e-008,0.00666667
-4.9025e-008,0.01
-4.8775e-008,0.00666667
-4.8525e-008,0.01
-4.8275e-008,0.00666667
-4.8025e-008,0.01
-4.7775e-008,0.00666667
-4.7525e-008,0.01
-4.7275e-008,0.00666667
-4.7025e-008,0.00666667
-4.6775e-008,0.00666667
-4.6525e-008,0.01
-4.6275e-008,0.00666667
-4.6025e-008,0.01
-4.5775e-008,0.00666667
-4.5525e-008,0.01
-4.5275e-008,0.00666667
-4.5025e-008,0.01
-4.4775e-008,0.00666667
-4.4525e-008,0.01
-4.4275e-008,0.00666667
-4.4025e-008,0.01
-4.3775e-008,0.00666667
-4.3525e-008,0.01
-4.3275e-008,0.00666667
-4.3025e-008,0.00666667
-4.2775e-008,0.00666667
-4.2525e-008,0.01
-4.2275e-008,0.00666667
-4.2025e-008,0.00666667
-4.1775e-008,0.00666667
-4.1525e-008,0.01
-4.1275e-008,0.00666667
-4.1025e-008,0.00666667
-4.0775e-008,0.00666667
-4.0525e-008,0.01
-4.0275e-008,0.00666667
-4.0025e-008,0.01
-3.9775e-008,0.00666667
-3.9525e-008,0.01
-3.9275e-008,0.00666667
-3.9025e-008,0.01
-3.8775e-008,0.00666667
-3.8525e-008,0.01
-3.8275e-008,0.00666667
-3.8025e-008,0.01
-3.7775e-008,0.00666667
-3.7525e-008,0.01
-3.7275e-008,0.00666667
-3.7025e-008,0.01
-3.6775e-008,0.00666667
-3.6525e-008,0.01
-3.6275e-008,0.00666667
-3.6025e-008,0.01
-3.5775e-008,0.00666667
-3.5525e-008,0.01
-3.5275e-008,0.00666667
-3.5025e-008,0.01
-3.4775e-008,0.00666667
-3.4525e-008,0.01
-3.4275e-008,0.00666667
-3.4025e-008,0.01
-3.3775e-008,0.00666667
-3.3525e-008,0.01
-3.3275e-008,0.00666667
-3.3025e-008,0.01
-3.2775e-008,0.00666667
-3.2525e-008,0.01
-3.2275e-008,0.00666667
-3.2025e-008,0.01
-3.1775e-008,0.00666667
-3.1525e-008,0.01
-3.1275e-008,0.00666667
-3.1025e-008,0.01
-3.0775e-008,0.00666667
-3.0525e-008,0.01
-3.0275e-008,0.00666667
-3.0025e-008,0.01
-2.9775e-008,0.00666667
-2.9525e-008,0.01
-2.9275e-008,0.00666667
-2.9025e-008,0.01
-2.8775e-008,0.00666667
-2.8525e-008,0.01
-2.8275e-008,0.00666667
-2.8025e-008,0.01
-2.7775e-008,0.00666667
-2.7525e-008,0.01
-2.7275e-008,0.00666667
-2.7025e-008,0.01
-2.6775e-008,0.00666667
-2.6525e-008,0.01
-2.6275e-008,0.01
-2.6025e-008,0.01
-2.5775e-008,0.01
-2.5525e-008,0.01
-2.5275e-008,0.00666667
-2.5025e-008,0.01
-2.4775e-008,0.01
-2.4525e-008,0.01
-2.4275e-008,0.00666667
-2.4025e-008,0.01
-2.3775e-008,0.01
-2.3525e-008,0.01
-2.3275e-008,0.00666667
-2.3025e-008,0.01
-2.2775e-008,0.01
-2.2525e-008,0.0133333
-2.2275e-008,0.03
-2.2025e-008,0.0633333
-2.1775e-008,0.0966667
-2.1525e-008,0.116667
-2.1275e-008,0.113333
-2.1025e-008,0.0966667
-2.0775e-008,0.0766667
-2.0525e-008,0.0566667
-2.0275e-008,0.04
-2.0025e-008,0.03
-1.9775e-008,0.0233333
-1.9525e-008,0.02
-1.9275e-008,0.0133333
-1.9025e-008,0.0166667
-1.8775e-008,0.0133333
-1.8525e-008,0.0166667
-1.8275e-008,0.0133333
-1.8025e-008,0.0166667
-1.7775e-008,0.0133333
-1.7525e-008,0.0266667
-1.7275e-008,0.0733333
-1.7025e-008,0.163333
-1.6775e-008,0.253333
-1.6525e-008,0.306667
-1.6275e-008,0.306667
-1.6025e-008,0.253333
-1.5775e-008,0.19
-1.5525e-008,0.14
-1.5275e-008,0.0966667
-1.5025e-008,0.0733333
-1.4775e-008,0.05
-1.4525e-008,0.0366667
-1.4275e-008,0.03
-1.4025e-008,0.0266667
-1.3775e-008,0.0266667
-1.3525e-008,0.0266667
-1.3275e-008,0.0233333
-1.3025e-008,0.0266667
-1.2775e-008,0.04
-1.2525e-008,0.0966667
-1.2275e-008,0.2
-1.2025e-008,0.306667
-1.1775e-008,0.366667
-1.1525e-008,0.363333
-1.1275e-008,0.3
-1.1025e-008,0.23
-1.0775e-008,0.166667
-1.0525e-008,0.123333
-1.0275e-008,0.0866667
-1.0025e-008,0.0633333
-9.775e-009,0.0466667
-9.525e-009,0.04
-9.275e-009,0.0333333
-9.025e-009,0.0333333
-8.775e-009,0.03
-8.525e-009,0.0366667
-8.275e-009,0.0633333
-8.025e-009,0.146667
-7.775e-009,0.25
-7.525e-009,0.333333
-7.275e-009,0.36
-7.025e-009,0.323333
-6.775e-009,0.253333
-6.525e-009,0.19
-6.275e-009,0.14
-6.025e-009,0.106667
-5.775e-009,0.08
-5.525e-009,0.06
-5.275e-009,0.0433333
-5.025e-009,0.04
-4.775e-009,0.0366667
-4.525e-009,0.0366667
-4.275e-009,0.0333333
-4.025e-009,0.0333333
-3.775e-009,0.04
-3.525e-009,0.0733333
-3.275e-009,0.16
-3.025e-009,0.273333
-2.775e-009,0.363333
-2.525e-009,0.39
-2.275e-009,0.35
-2.025e-009,0.276667
-1.775e-009,0.206667
-1.525e-009,0.156667
-1.275e-009,0.116667
-1.025e-009,0.0866667
-7.75e-010,0.0633333
-5.25e-010,0.05
-2.75e-010,0.0433333
-2.5e-011,0.04
2.25e-010,0.04
4.75e-010,0.04
7.25e-010,0.0366667
9.75e-010,0.0366667
1.225e-009,0.0366667
1.475e-009,0.06
1.725e-009,0.123333
1.975e-009,0.216667
2.225e-009,0.283333
2.475e-009,0.31
2.725e-009,0.283333
2.975e-009,0.226667
3.225e-009,0.17
3.475e-009,0.13
3.725e-009,0.0966667
3.975e-009,0.0766667
4.225e-009,0.0566667
4.475e-009,0.0433333
4.725e-009,0.04
4.975e-009,0.04
5.225e-009,0.0366667
5.475e-009,0.0366667
5.725e-009,0.0333333
5.975e-009,0.04
6.225e-009,0.0633333
6.475e-009,0.126667
6.725e-009,0.22
6.975e-009,0.296667
7.225e-009,0.316667
7.475e-009,0.293333
7.725e-009,0.23
7.975e-009,0.18
8.225e-009,0.133333
8.475e-009,0.1
8.725e-009,0.0733333
8.975e-009,0.0566667
9.225e-009,0.0433333
9.475e-009,0.0433333
9.725e-009,0.04
9.975e-009,0.04
1.0225e-008,0.0366667
1.0475e-008,0.0433333
1.0725e-008,0.08
1.0975e-008,0.153333
1.1225e-008,0.226667
1.1475e-008,0.28
1.1725e-008,0.276667
1.1975e-008,0.233333
1.2225e-008,0.18
1.2475e-008,0.136667
1.2725e-008,0.103333
1.2975e-008,0.08
1.3225e-008,0.0666667
1.3475e-008,0.05
1.3725e-008,0.04
1.3975e-008,0.04
1.4225e-008,0.0366667
1.4475e-008,0.0366667
1.4725e-008,0.0333333
1.4975e-008,0.0366667
1.5225e-008,0.0433333
1.5475e-008,0.0833333
1.5725e-008,0.163333
1.5975e-008,0.246667
1.6225e-008,0.296667
1.6475e-008,0.296667
1.6725e-008,0.25
1.6975e-008,0.196667
1.7225e-008,0.146667
1.7475e-008,0.113333
1.7725e-008,0.0833333
1.7975e-008,0.0666667
1.8225e-008,0.05
1.8475e-008,0.0433333
1.8725e-008,0.0366667
1.8975e-008,0.04
1.9225e-008,0.0366667
1.9475e-008,0.0366667
1.9725e-008,0.0333333
1.9975e-008,0.0333333
2.0225e-008,0.0366667
2.0475e-008,0.07
2.0725e-008,0.13
2.0975e-008,0.2
2.1225e-008,0.24
2.1475e-008,0.24
2.1725e-008,0.203333
2.1975e-008,0.163333
2.2225e-008,0.123333
2.2475e-008,0.0933333
2.2725e-008,0.07
2.2975e-008,0.0566667
2.3225e-008,0.0433333
2.3475e-008,0.0366667
2.3725e-008,0.0366667
2.3975e-008,0.04
2.4225e-008,0.0366667
2.4475e-008,0.0333333
2.4725e-008,0.0266667
2.4975e-008,0.04
2.5225e-008,0.07
2.5475e-008,0.133333
2.5725e-008,0.203333
2.5975e-008,0.246667
2.6225e-008,0.243333
2.6475e-008,0.206667
2.6725e-008,0.16
2.6975e-008,0.123333
2.7225e-008,0.0933333
2.7475e-008,0.0733333
2.7725e-008,0.0533333
2.7975e-008,0.0433333
2.8225e-008,0.04
2.8475e-008,0.0366667
2.8725e-008,0.0366667
2.8975e-008,0.04
2.9225e-008,0.0366667
2.9475e-008,0.05
2.9725e-008,0.0866667
2.9975e-008,0.15
3.0225e-008,0.2
3.0475e-008,0.226667
3.0725e-008,0.21
3.0975e-008,0.17
3.1225e-008,0.13
3.1475e-008,0.0966667
3.1725e-008,0.0733333
3.1975e-008,0.0566667
3.2225e-008,0.0466667
3.2475e-008,0.0433333
3.2725e-008,0.0366667
3.2975e-008,0.0366667
3.3225e-008,0.03
3.3475e-008,0.0333333
3.3725e-008,0.03
3.3975e-008,0.0366667
3.4225e-008,0.0466667
3.4475e-008,0.09
3.4725e-008,0.156667
3.4975e-008,0.216667
3.5225e-008,0.24
3.5475e-008,0.22
3.5725e-008,0.176667
3.5975e-008,0.14
3.6225e-008,0.1
3.6475e-008,0.0766667
3.6725e-008,0.0566667
3.6975e-008,0.0433333
3.7225e-008,0.0366667
3.7475e-008,0.0366667
3.7725e-008,0.0333333
3.7975e-008,0.04
3.8225e-008,0.0366667
3.8475e-008,0.0333333
3.8725e-008,0.0266667
3.8975e-008,0.0266667
3.9225e-008,0.0366667
3.9475e-008,0.0766667
3.9725e-008,0.133333
3.9975e-008,0.183333
4.0225e-008,0.193333
4.0475e-008,0.18
4.0725e-008,0.146667
4.0975e-008,0.116667
4.1225e-008,0.0866667
4.1475e-008,0.07
4.1725e-008,0.0533333
4.1975e-008,0.0433333
4.2225e-008,0.0366667
4.2475e-008,0.0333333
4.2725e-008,0.0333333
4.2975e-008,0.0366667
4.3225e-008,0.03
4.3475e-008,0.0266667
4.3725e-008,0.0233333
4.3975e-008,0.04
4.4225e-008,0.08
4.4475e-008,0.136667
4.4725e-008,0.186667
4.4975e-008,0.206667
4.5225e-008,0.186667
4.5475e-008,0.15
4.5725e-008,0.116667
4.5975e-008,0.0933333
4.6225e-008,0.07
4.6475e-008,0.0566667
4.6725e-008,0.0433333
4.6975e-008,0.0366667
4.7225e-008,0.0333333
4.7475e-008,0.0333333
4.7725e-008,0.0333333
4.7975e-008,0.0333333
4.8225e-008,0.0333333
4.8475e-008,0.0533333
4.8725e-008,0.0933333
4.8975e-008,0.143333
4.9225e-008,0.18
4.9475e-008,0.183333
4.9725e-008,0.156667
4.9975e-008,0.126667
5.0225e-008,0.0933333
5.0475e-008,0.07
5.0725e-008,0.0533333
5.0975e-008,0.0466667
5.1225e-008,0.0366667
5.1475e-008,0.0333333
5.1725e-008,0.03
5.1975e-008,0.03
5.2225e-008,0.03
5.2475e-008,0.0333333
5.2725e-008,0.03
5.2975e-008,0.0366667
5.3225e-008,0.0566667
5.3475e-008,0.1
5.3725e-008,0.156667
5.3975e-008,0.196667
5.4225e-008,0.203333
5.4475e-008,0.173333
5.4725e-008,0.133333
5.4975e-008,0.103333
5.5225e-008,0.08
5.5475e-008,0.06
5.5725e-008,0.0433333
5.5975e-008,0.0366667
5.6225e-008,0.03
5.6475e-008,0.0333333
5.6725e-008,0.03
5.6975e-008,0.0333333
5.7225e-008,0.03
5.7475e-008,0.03
5.7725e-008,0.02
5.7975e-008,0.0266667
5.8225e-008,0.0433333
5.8475e-008,0.0833333
5.8725e-008,0.13
5.8975e-008,0.156667
5.9225e-008,0.156667
5.9475e-008,0.136667
5.9725e-008,0.106667
5.9975e-008,0.0833333
6.0225e-008,0.0666667
6.0475e-008,0.0533333
6.0725e-008,0.04
6.0975e-008,0.0333333
6.1225e-008,0.03
6.1475e-008,0.03
6.1725e-008,0.03
6.1975e-008,0.03
6.2225e-008,0.0266667
6.2475e-008,0.0233333
6.2725e-008,0.0233333
6.2975e-008,0.0466667
6.3225e-008,0.09
6.3475e-008,0.14
6.3725e-008,0.173333
6.3975e-008,0.176667
6.4225e-008,0.146667
6.4475e-008,0.12
6.4725e-008,0.0866667
6.4975e-008,0.07
6.5225e-008,0.0566667
6.5475e-008,0.0433333
6.5725e-008,0.0333333
6.5975e-008,0.03
6.6225e-008,0.03
6.6475e-008,0.03
6.6725e-008,0.0266667
6.6975e-008,0.03
6.7225e-008,0.0333333
6.7475e-008,0.06
6.7725e-008,0.103333
6.7975e-008,0.143333
6.8225e-008,0.163333
6.8475e-008,0.153333
6.8725e-008,0.126667
6.8975e-008,0.1
6.9225e-008,0.0766667
6.9475e-008,0.0566667
6.9725e-008,0.0433333
6.9975e-008,0.0366667
7.0225e-008,0.03
7.0475e-008,0.03
7.0725e-008,0.0266667
7.0975e-008,0.0266667
7.1225e-008,0.0266667
7.1475e-008,0.03
7.1725e-008,0.0233333
7.1975e-008,0.0366667
7.2225e-008,0.0633333
7.2475e-008,0.11
7.2725e-008,0.156667
7.2975e-008,0.183333
7.3225e-008,0.166667
7.3475e-008,0.136667
7.3725e-008,0.106667
7.3975e-008,0.0833333
7.4225e-008,0.0633333
7.4475e-008,0.0466667
7.4725e-008,0.0366667
7.4975e-008,0.0333333
7.5225e-008,0.03
7.5475e-008,0.03
7.5725e-008,0.0266667
7.5975e-008,0.03
7.6225e-008,0.03
7.6475e-008,0.0266667
7.6725e-008,0.02
7.6975e-008,0.03
7.7225e-008,0.0533333
7.7475e-008,0.09
7.7725e-008,0.126667
7.7975e-008,0.143333
7.8225e-008,0.133333
7.8475e-008,0.11
7.8725e-008,0.0866667
7.8975e-008,0.07
7.9225e-008,0.0566667
7.9475e-008,0.0466667
7.9725e-008,0.0333333
7.9975e-008,0.03
8.0225e-008,0.0266667
8.0475e-008,0.03
8.0725e-008,0.0266667
8.0975e-008,0.0266667
8.1225e-008,0.0233333
8.1475e-008,0.0233333
8.1725e-008,0.0266667
8.1975e-008,0.0566667
8.2225e-008,0.0966667
8.2475e-008,0.133333
8.2725e-008,0.156667
8.2975e-008,0.143333
8.3225e-008,0.116667
8.3475e-008,0.0933333
8.3725e-008,0.07
8.3975e-008,0.0566667
8.4225e-008,0.0433333
8.4475e-008,0.0366667
8.4725e-008,0.03
8.4975e-008,0.0266667
8.5225e-008,0.0233333
8.5475e-008,0.0266667
8.5725e-008,0.0233333
8.5975e-008,0.0266667
8.6225e-008,0.04
8.6475e-008,0.07
8.6725e-008,0.11
8.6975e-008,0.14
8.7225e-008,0.146667
8.7475e-008,0.13
8.7725e-008,0.103333
8.7975e-008,0.08
8.8225e-008,0.0633333
8.8475e-008,0.0466667
8.8725e-008,0.0366667
8.8975e-008,0.03
8.9225e-008,0.0266667
8.9475e-008,0.0266667
8.9725e-008,0.0233333
8.9975e-008,0.0266667
9.0225e-008,0.0233333
9.0475e-008,0.0266667
9.0725e-008,0.0266667
9.0975e-008,0.04
9.1225e-008,0.0733333
9.1475e-008,0.113333
9.1725e-008,0.146667
9.1975e-008,0.156667
9.2225e-008,0.136667
9.2475e-008,0.11
9.2725e-008,0.0833333
9.2975e-008,0.0666667
9.3225e-008,0.05
9.3475e-008,0.04
9.3725e-008,0.03
9.3975e-008,0.0266667
9.4225e-008,0.0266667
9.4475e-008,0.0266667
9.4725e-008,0.0233333
9.4975e-008,0.0266667
9.5225e-008,0.0233333
9.5475e-008,0.0233333
9.5725e-008,0.02
9.5975e-008,0.03
9.6225e-008,0.06
9.6475e-008,0.09
9.6725e-008,0.116667
9.6975e-008,0.12
9.7225e-008,0.1
9.7475e-008,0.0866667
9.7725e-008,0.0666667
9.7975e-008,0.0533333
9.8225e-008,0.0433333
9.8475e-008,0.0366667
9.8725e-008,0.0266667
9.8975e-008,0.0266667
9.9225e-008,0.0233333
9.9475e-008,0.0266667
9.9725e-008,0.0233333
9.9975e-008,0.0266667
1.00225e-007,0.02
1.00475e-007,0.0233333
1.00725e-007,0.0333333
1.00975e-007,0.0633333
1.01225e-007,0.1
1.01475e-007,0.126667
1.01725e-007,0.13
1.01975e-007,0.116667
1.02225e-007,0.0933333
1.02475e-007,0.0733333
1.02725e-007,0.0566667
1.02975e-007,0.0466667
1.03225e-007,0.0366667
1.03475e-007,0.03
1.03725e-007,0.0233333
1.03975e-007,0.0266667
1.04225e-007,0.0233333
1.04475e-007,0.0266667
1.04725e-007,0.0233333
1.04975e-007,0.0266667
1.05225e-007,0.0466667
1.05475e-007,0.0766667
1.05725e-007,0.11
1.05975e-007,0.126667
1.06225e-007,0.123333
1.06475e-007,0.103333
1.06725e-007,0.08
1.06975e-007,0.0633333
1.07225e-007,0.0466667
1.07475e-007,0.04
1.07725e-007,0.03
1.07975e-007,0.0266667
1.08225e-007,0.0233333
1.08475e-007,0.0266667
1.08725e-007,0.0233333
1.08975e-007,0.0233333
1.09225e-007,0.0233333
1.09475e-007,0.0266667
1.09725e-007,0.0266667
1.09975e-007,0.05
1.10225e-007,0.0833333
1.10475e-007,0.12
1.10725e-007,0.14
1.10975e-007,0.136667
1.11225e-007,0.113333
1.11475e-007,0.09
1.11725e-007,0.0666667
1.11975e-007,0.0533333
1.12225e-007,0.0433333
1.12475e-007,0.0333333
1.12725e-007,0.0233333
1.12975e-007,0.0266667
1.13225e-007,0.0233333
1.13475e-007,0.0266667
1.13725e-007,0.0233333
1.13975e-007,0.0266667
1.14225e-007,0.02
1.14475e-007,0.02
1.14725e-007,0.02
1.14975e-007,0.0366667
1.15225e-007,0.0633333
1.15475e-007,0.0866667
1.15725e-007,0.0966667
1.15975e-007,0.0966667
1.16225e-007,0.08
1.16475e-007,0.0666667
1.16725e-007,0.05
1.16975e-007,0.04
1.17225e-007,0.0333333
1.17475e-007,0.03
1.17725e-007,0.0233333
1.17975e-007,0.0233333
1.18225e-007,0.0233333
1.18475e-007,0.0266667
1.18725e-007,0.02
1.18975e-007,0.02
1.19225e-007,0.0166667
1.19475e-007,0.0233333
1.19725e-007,0.04
1.19975e-007,0.0733333
1.20225e-007,0.1
1.20475e-007,0.116667
1.20725e-007,0.113333
1.20975e-007,0.0933333
1.21225e-007,0.0766667
1.21475e-007,0.06
1.21725e-007,0.0433333
1.21975e-007,0.04
1.22225e-007,0.03
1.22475e-007,0.0266667
1.22725e-007,0.02
1.22975e-007,0.0233333
1.23225e-007,0.0233333
1.23475e-007,0.0233333
1.23725e-007,0.02
1.23975e-007,0.03
1.24225e-007,0.0466667
1.24475e-007,0.07
1.24725e-007,0.0966667
1.24975e-007,0.103333
1.25225e-007,0.0933333
1.25475e-007,0.0766667
1.25725e-007,0.0566667
1.25975e-007,0.0466667
1.26225e-007,0.0366667
1.26475e-007,0.0333333
1.26725e-007,0.0233333
1.26975e-007,0.0233333
1.27225e-007,0.0233333
1.27475e-007,0.0233333
1.27725e-007,0.02
1.27975e-007,0.0233333
1.28225e-007,0.02
1.28475e-007,0.0233333
1.28725e-007,0.03
1.28975e-007,0.0566667
1.29225e-007,0.0933333
1.29475e-007,0.123333
1.29725e-007,0.13
1.29975e-007,0.116667
1.30225e-007,0.0933333
1.30475e-007,0.0733333
1.30725e-007,0.0533333
1.30975e-007,0.0433333
1.31225e-007,0.0333333
1.31475e-007,0.0266667
1.31725e-007,0.02
1.31975e-007,0.0233333
1.32225e-007,0.02
1.32475e-007,0.0233333
1.32725e-007,0.02
1.32975e-007,0.0233333
1.33225e-007,0.02
1.33475e-007,0.02
1.33725e-007,0.02
1.33975e-007,0.04
1.34225e-007,0.0633333
1.34475e-007,0.0766667
1.34725e-007,0.08
1.34975e-007,0.0733333
1.35225e-007,0.0633333
1.35475e-007,0.0466667
1.35725e-007,0.04
1.35975e-007,0.0333333
1.36225e-007,0.0266667
1.36475e-007,0.0266667
1.36725e-007,0.02
1.36975e-007,0.0233333
1.37225e-007,0.02
1.37475e-007,0.0233333
1.37725e-007,0.0166667
1.37975e-007,0.0166667
1.38225e-007,0.0166667
1.38475e-007,0.0266667
1.38725e-007,0.0433333
1.38975e-007,0.0733333
1.39225e-007,0.0933333
1.39475e-007,0.0966667
1.39725e-007,0.09
1.39975e-007,0.0733333
1.40225e-007,0.06
1.40475e-007,0.0466667
1.40725e-007,0.0333333
1.40975e-007,0.03
1.41225e-007,0.0233333
1.41475e-007,0.0233333
1.41725e-007,0.0166667
1.41975e-007,0.02
1.42225e-007,0.02
1.42475e-007,0.0233333
1.42725e-007,0.02
1.42975e-007,0.0333333
1.43225e-007,0.0533333
1.43475e-007,0.0766667
1.43725e-007,0.0866667
1.43975e-007,0.0866667
1.44225e-007,0.0766667
1.44475e-007,0.0633333
1.44725e-007,0.0466667
1.44975e-007,0.04
1.45225e-007,0.03
1.45475e-007,0.0266667
1.45725e-007,0.02
1.45975e-007,0.02
1.46225e-007,0.02
1.46475e-007,0.02
1.46725e-007,0.0166667
1.46975e-007,0.02
1.47225e-007,0.02
1.47475e-007,0.0233333
1.47725e-007,0.0366667
1.47975e-007,0.0633333
1.48225e-007,0.0933333
1.48475e-007,0.11
1.48725e-007,0.11
1.48975e-007,0.0966667
1.49225e-007,0.0766667
1.49475e-007,0.06
1.49725e-007,0.0433333
1.49975e-007,0.0366667
1.50225e-007,0.0266667
1.50475e-007,0.0266667
1.50725e-007,0.02
1.50975e-007,0.0233333
1.51225e-007,0.0233333
1.51475e-007,0.0233333
1.51725e-007,0.02
1.51975e-007,0.02
1.52225e-007,0.0166667
1.52475e-007,0.02
1.52725e-007,0.0266667
1.52975e-007,0.05
1.53225e-007,0.07
1.53475e-007,0.0833333
1.53725e-007,0.08
1.53975e-007,0.0666667
1.54225e-007,0.0566667
1.54475e-007,0.0466667
1.54725e-007,0.0366667
1.54975e-007,0.03
1.55225e-007,0.0233333
1.55475e-007,0.0233333
1.55725e-007,0.02
1.55975e-007,0.02
1.56225e-007,0.02
1.56475e-007,0.0233333
1.56725e-007,0.0166667
1.56975e-007,0.0166667
1.57225e-007,0.02
1.57475e-007,0.0366667
1.57725e-007,0.06
1.57975e-007,0.09
1.58225e-007,0.103333
1.58475e-007,0.1
1.58725e-007,0.0866667
1.58975e-007,0.07
1.59225e-007,0.0533333
1.59475e-007,0.0433333
1.59725e-007,0.0333333
1.59975e-007,0.0266667
1.60225e-007,0.0233333
1.60475e-007,0.0233333
1.60725e-007,0.02
1.60975e-007,0.02
1.61225e-007,0.02
1.61475e-007,0.0233333
1.61725e-007,0.0233333
1.61975e-007,0.0466667
1.62225e-007,0.0733333
1.62475e-007,0.0933333
1.62725e-007,0.103333
1.62975e-007,0.0966667
1.63225e-007,0.08
1.63475e-007,0.06
1.63725e-007,0.0466667
1.63975e-007,0.04
1.64225e-007,0.03
1.64475e-007,0.0266667
1.64725e-007,0.02
1.64975e-007,0.02
1.65225e-007,0.02
1.65475e-007,0.0233333
1.65725e-007,0.0166667
1.65975e-007,0.02
1.66225e-007,0.02
1.66475e-007,0.03
1.66725e-007,0.05
1.66975e-007,0.0833333
1.67225e-007,0.116667
1.67475e-007,0.126667
1.67725e-007,0.116667
1.67975e-007,0.0966667
1.68225e-007,0.0766667
1.68475e-007,0.0566667
1.68725e-007,0.0433333
1.68975e-007,0.0366667
1.69225e-007,0.0266667
1.69475e-007,0.0266667
1.69725e-007,0.02
1.69975e-007,0.0233333
1.70225e-007,0.0233333
1.70475e-007,0.0233333
1.70725e-007,0.02
1.70975e-007,0.02
1.71225e-007,0.0166667
1.71475e-007,0.0233333
1.71725e-007,0.04
1.71975e-007,0.0633333
1.72225e-007,0.0833333
1.72475e-007,0.0866667
1.72725e-007,0.08
1.72975e-007,0.0666667
1.73225e-007,0.0533333
1.73475e-007,0.0433333
1.73725e-007,0.0333333
1.73975e-007,0.03
1.74225e-007,0.0233333
1.74475e-007,0.0233333
1.74725e-007,0.02
1.74975e-007,0.0233333
1.75225e-007,0.02
1.75475e-007,0.02
1.75725e-007,0.0166667
1.75975e-007,0.0166667
1.76225e-007,0.0233333
1.76475e-007,0.0433333
1.76725e-007,0.07
1.76975e-007,0.0966667
1.77225e-007,0.1
1.77475e-007,0.09
1.77725e-007,0.0766667
1.77975e-007,0.06
1.78225e-007,0.0466667
1.78475e-007,0.04
1.78725e-007,0.03
1.78975e-007,0.0266667
1.79225e-007,0.0233333
1.79475e-007,0.0233333
1.79725e-007,0.0166667
1.79975e-007,0.02
1.80225e-007,0.02
1.80475e-007,0.0233333
1.80725e-007,0.03
1.80975e-007,0.0533333
1.81225e-007,0.0766667
1.81475e-007,0.09
1.81725e-007,0.0933333
1.81975e-007,0.08
1.82225e-007,0.0666667
1.82475e-007,0.0533333
1.82725e-007,0.04
1.82975e-007,0.0333333
1.83225e-007,0.0233333
1.83475e-007,0.0266667
1.83725e-007,0.02
1.83975e-007,0.02
1.84225e-007,0.02
1.84475e-007,0.02
1.84725e-007,0.02
1.84975e-007,0.02
1.85225e-007,0.0233333
1.85475e-007,0.0333333
1.85725e-007,0.0566667
1.85975e-007,0.0833333
1.86225e-007,0.1
1.86475e-007,0.106667
1.86725e-007,0.09
1.86975e-007,0.0733333
1.87225e-007,0.0566667
1.87475e-007,0.0466667
1.87725e-007,0.0333333
1.87975e-007,0.03
1.88225e-007,0.0233333
1.88475e-007,0.0233333
1.88725e-007,0.02
1.88975e-007,0.02
1.89225e-007,0.02
1.89475e-007,0.0233333
1.89725e-007,0.0166667
1.89975e-007,0.0166667
1.90225e-007,0.0166667
1.90475e-007,0.03
1.90725e-007,0.0433333
1.90975e-007,0.0566667
1.91225e-007,0.07
1.91475e-007,0.07
1.91725e-007,0.06
1.91975e-007,0.05
1.92225e-007,0.04
1.92475e-007,0.0333333
1.92725e-007,0.0266667
1.92975e-007,0.0266667
1.93225e-007,0.02
1.93475e-007,0.02
1.93725e-007,0.0166667
1.93975e-007,0.02
1.94225e-007,0.0166667
1.94475e-007,0.02
1.94725e-007,0.0133333
1.94975e-007,0.02
1.95225e-007,0.0233333
1.95475e-007,0.0433333
1.95725e-007,0.0633333
1.95975e-007,0.0766667
1.96225e-007,0.08
1.96475e-007,0.0666667
1.96725e-007,0.0533333
1.96975e-007,0.0433333
1.97225e-007,0.0366667
1.97475e-007,0.03
1.97725e-007,0.0233333
1.97975e-007,0.0233333
1.98225e-007,0.02
1.98475e-007,0.02
1.98725e-007,0.02
1.98975e-007,0.02
1.99225e-007,0.02
1.99475e-007,0.02
1.99725e-007,0.03
1.99975e-007,0.0466667
2.00225e-007,0.0633333
2.00475e-007,0.0666667
2.00725e-007,0.0633333
2.00975e-007,0.0533333
2.01225e-007,0.0433333
2.01475e-007,0.0366667
2.01725e-007,0.0266667
2.01975e-007,0.0266667
2.02225e-007,0.02
2.02475e-007,0.02
2.02725e-007,0.0166667
2.02975e-007,0.0166667
2.03225e-007,0.0166667
2.03475e-007,0.02
2.03725e-007,0.0166667
2.03975e-007,0.0166667
2.04225e-007,0.02
2.04475e-007,0.0366667
2.04725e-007,0.0533333
2.04975e-007,0.0733333
2.05225e-007,0.0833333
2.05475e-007,0.08
2.05725e-007,0.0666667
2.05975e-007,0.0533333
2.06225e-007,0.0433333
2.06475e-007,0.0333333
2.06725e-007,0.0233333
2.06975e-007,0.0233333
2.07225e-007,0.0233333
2.07475e-007,0.02
2.07725e-007,0.0166667
2.07975e-007,0.02
2.08225e-007,0.02
2.08475e-007,0.02
2.08725e-007,0.0166667
2.08975e-007,0.0166667
2.09225e-007,0.02
2.09475e-007,0.03
2.09725e-007,0.0433333
2.09975e-007,0.0566667
2.10225e-007,0.0633333
2.10475e-007,0.0566667
2.10725e-007,0.0466667
2.10975e-007,0.04
2.11225e-007,0.03
2.11475e-007,0.03
2.11725e-007,0.0233333
2.11975e-007,0.02
2.12225e-007,0.0166667
2.12475e-007,0.02
2.12725e-007,0.0166667
2.12975e-007,0.0166667
2.13225e-007,0.0166667
2.13475e-007,0.0166667
2.13725e-007,0.0133333
2.13975e-007,0.0166667
2.14225e-007,0.03
2.14475e-007,0.05
2.14725e-007,0.0666667
2.14975e-007,0.0766667
2.15225e-007,0.07
2.15475e-007,0.0566667
2.15725e-007,0.0433333
2.15975e-007,0.0366667
2.16225e-007,0.03
2.16475e-007,0.0266667
2.16725e-007,0.02
2.16975e-007,0.02
2.17225e-007,0.0166667
2.17475e-007,0.02
2.17725e-007,0.0166667
2.17975e-007,0.02
2.18225e-007,0.02
2.18475e-007,0.0266667
2.18725e-007,0.0366667
2.18975e-007,0.05
2.19225e-007,0.0666667
2.19475e-007,0.0666667
2.19725e-007,0.0566667
2.19975e-007,0.05
2.20225e-007,0.0366667
2.20475e-007,0.0333333
2.20725e-007,0.0233333
2.20975e-007,0.0266667
2.21225e-007,0.02
2.21475e-007,0.02
2.21725e-007,0.0166667
2.21975e-007,0.0166667
2.22225e-007,0.0166667
2.22475e-007,0.0166667
2.22725e-007,0.0166667
2.22975e-007,0.0166667
2.23225e-007,0.0233333
2.23475e-007,0.04
2.23725e-007,0.0566667
2.23975e-007,0.07
2.24225e-007,0.0766667
2.24475e-007,0.0666667
2.24725e-007,0.0533333
2.24975e-007,0.0433333
2.25225e-007,0.0366667
2.25475e-007,0.03
2.25725e-007,0.02
2.25975e-007,0.02
2.26225e-007,0.02
2.26475e-007,0.02
2.26725e-007,0.0166667
2.26975e-007,0.0166667
2.27225e-007,0.02
2.27475e-007,0.0166667
2.27725e-007,0.0133333
2.27975e-007,0.0166667
2.28225e-007,0.02
2.28475e-007,0.03
2.28725e-007,0.0433333
2.28975e-007,0.05
2.29225e-007,0.0533333
2.29475e-007,0.0466667
2.29725e-007,0.0366667
2.29975e-007,0.0333333
2.30225e-007,0.0266667
2.30475e-007,0.0266667
2.30725e-007,0.02
2.30975e-007,0.02
2.31225e-007,0.0166667
2.31475e-007,0.02
2.31725e-007,0.0133333
2.31975e-007,0.0166667
2.32225e-007,0.0166667
2.32475e-007,0.0166667
2.32725e-007,0.0133333
2.32975e-007,0.02
2.33225e-007,0.0366667
2.33475e-007,0.05
2.33725e-007,0.0566667
2.33975e-007,0.06
2.34225e-007,0.0533333
2.34475e-007,0.0433333
2.34725e-007,0.0366667
2.34975e-007,0.03
2.35225e-007,0.0233333
2.35475e-007,0.0233333
2.35725e-007,0.0166667
2.35975e-007,0.0166667
2.36225e-007,0.0166667
2.36475e-007,0.0166667
2.36725e-007,0.0133333
2.36975e-007,0.0166667
2.37225e-007,0.0166667
2.37475e-007,0.0266667
2.37725e-007,0.0333333
2.37975e-007,0.05
2.38225e-007,0.0566667
2.38475e-007,0.0533333
2.38725e-007,0.0433333
2.38975e-007,0.0366667
2.39225e-007,0.03
2.39475e-007,0.0266667
2.39725e-007,0.02
2.39975e-007,0.02
2.40225e-007,0.0166667
2.40475e-007,0.0166667
2.40725e-007,0.0133333
2.40975e-007,0.0166667
2.41225e-007,0.0166667
2.41475e-007,0.0166667
2.41725e-007,0.0133333
2.41975e-007,0.0166667
2.42225e-007,0.0266667
2.42475e-007,0.0433333
2.42725e-007,0.0533333
2.42975e-007,0.0633333
2.43225e-007,0.0633333
2.43475e-007,0.0533333
2.43725e-007,0.0433333
2.43975e-007,0.0366667
2.44225e-007,0.0266667
2.44475e-007,0.0266667
2.44725e-007,0.0166667
2.44975e-007,0.0166667
2.45225e-007,0.0133333
2.45475e-007,0.0166667
2.45725e-007,0.0133333
2.45975e-007,0.0166667
2.46225e-007,0.0133333
2.46475e-007,0.0166667
2.46725e-007,0.0133333
2.46975e-007,0.0166667
2.47225e-007,0.0233333
2.47475e-007,0.0333333
2.47725e-007,0.04
2.47975e-007,0.0466667
2.48225e-007,0.0433333
2.48475e-007,0.0366667
2.48725e-007,0.03
2.48975e-007,0.0266667
2.49225e-007,0.0233333
2.49475e-007,0.0233333
2.49725e-007,0.0166667
2.49975e-007,0.0166667
2.50225e-007,0.0166667
2.50475e-007,0.0166667
2.50725e-007,0.0166667
2.50975e-007,0.0166667
2.51225e-007,0.0133333
2.51475e-007,0.0166667
2.51725e-007,0.0166667
2.51975e-007,0.0266667
2.52225e-007,0.0366667
2.52475e-007,0.05
2.52725e-007,0.05
2.52975e-007,0.05
2.53225e-007,0.0433333
2.53475e-007,0.0366667
2.53725e-007,0.03
2.53975e-007,0.0266667
2.54225e-007,0.0233333
2.54475e-007,0.0233333
2.54725e-007,0.0133333
2.54975e-007,0.0166667
2.55225e-007,0.0133333
2.55475e-007,0.0166667
2.55725e-007,0.0133333
2.55975e-007,0.0166667
2.56225e-007,0.02
2.56475e-007,0.03
2.56725e-007,0.0366667
2.56975e-007,0.0466667
2.57225e-007,0.0466667
2.57475e-007,0.0433333
2.57725e-007,0.0366667
2.57975e-007,0.03
2.58225e-007,0.0233333
2.58475e-007,0.0233333
2.58725e-007,0.0166667
2.58975e-007,0.0166667
2.59225e-007,0.0133333
2.59475e-007,0.0166667
2.59725e-007,0.0133333
2.59975e-007,0.0166667
2.60225e-007,0.0133333
2.60475e-007,0.0166667
2.60725e-007,0.0133333
2.60975e-007,0.0166667
2.61225e-007,0.03
2.61475e-007,0.0433333
2.61725e-007,0.0533333
2.61975e-007,0.0566667
2.62225e-007,0.05
2.62475e-007,0.0433333
2.62725e-007,0.0333333
2.62975e-007,0.03
2.63225e-007,0.0233333
2.63475e-007,0.0233333
2.63725e-007,0.0166667
2.63975e-007,0.0166667
2.64225e-007,0.0133333
2.64475e-007,0.0166667
2.64725e-007,0.0133333
2.64975e-007,0.0166667
2.65225e-007,0.0133333
2.65475e-007,0.0166667
2.65725e-007,0.0133333
2.65975e-007,0.0166667
2.66225e-007,0.0233333
2.66475e-007,0.0333333
2.66725e-007,0.04
2.66975e-007,0.04
2.67225e-007,0.0366667
2.67475e-007,0.0333333
2.67725e-007,0.0233333
2.67975e-007,0.0266667
2.68225e-007,0.02
2.68475e-007,0.02
2.68725e-007,0.0133333
2.68975e-007,0.0166667
2.69225e-007,0.0133333
2.69475e-007,0.0166667
2.69725e-007,0.0133333
2.69975e-007,0.0166667
2.70225e-007,0.0133333
2.70475e-007,0.0133333
2.70725e-007,0.0133333
2.70975e-007,0.0266667
2.71225e-007,0.0366667
2.71475e-007,0.0466667
2.71725e-007,0.0466667
2.71975e-007,0.04
2.72225e-007,0.0366667
2.72475e-007,0.03
2.72725e-007,0.0233333
2.72975e-007,0.0233333
2.73225e-007,0.0166667
2.73475e-007,0.0166667
2.73725e-007,0.0133333
2.73975e-007,0.0166667
2.74225e-007,0.0133333
2.74475e-007,0.0166667
2.74725e-007,0.0133333
2.74975e-007,0.0166667
2.75225e-007,0.02
2.75475e-007,0.03
2.75725e-007,0.04
2.75975e-007,0.0433333
2.76225e-007,0.0433333
2.76475e-007,0.0366667
2.76725e-007,0.03
2.76975e-007,0.0266667
2.77225e-007,0.0233333
2.77475e-007,0.0233333
2.77725e-007,0.0166667
2.77975e-007,0.0166667
2.78225e-007,0.0166667
2.78475e-007,0.0166667
2.78725e-007,0.0166667
2.78975e-007,0.0166667
2.79225e-007,0.0133333
2.79475e-007,0.0166667
2.79725e-007,0.0166667
2.79975e-007,0.0233333
2.80225e-007,0.0333333
2.80475e-007,0.0433333
2.80725e-007,0.05
2.80975e-007,0.05
2.81225e-007,0.0433333
2.81475e-007,0.0366667
2.81725e-007,0.0266667
2.81975e-007,0.0233333
2.82225e-007,0.02
2.82475e-007,0.02
2.82725e-007,0.0166667
2.82975e-007,0.0166667
2.83225e-007,0.0133333
2.83475e-007,0.0166667
2.83725e-007,0.0133333
2.83975e-007,0.0166667
2.84225e-007,0.0133333
2.84475e-007,0.0166667
2.84725e-007,0.0133333
2.84975e-007,0.0166667
2.85225e-007,0.0266667
2.85475e-007,0.0333333
2.85725e-007,0.0366667
2.85975e-007,0.0366667
2.86225e-007,0.03
2.86475e-007,0.03
2.86725e-007,0.02
2.86975e-007,0.02
2.87225e-007,0.0166667
2.87475e-007,0.0166667
2.87725e-007,0.0133333
2.87975e-007,0.0166667
2.88225e-007,0.0166667
2.88475e-007,0.0166667
2.88725e-007,0.0133333
2.88975e-007,0.0133333
2.89225e-007,0.0133333
2.89475e-007,0.0166667
2.89725e-007,0.0166667
2.89975e-007,0.0266667
2.90225e-007,0.0366667
2.90475e-007,0.04
2.90725e-007,0.04
2.90975e-007,0.0366667
2.91225e-007,0.0266667
2.91475e-007,0.0233333
2.91725e-007,0.0166667
2.91975e-007,0.0166667
2.92225e-007,0.0133333
2.92475e-007,0.0133333
2.92725e-007,0.0133333
2.92975e-007,0.0166667
2.93225e-007,0.0133333
2.93475e-007,0.0133333
2.93725e-007,0.0133333
2.93975e-007,0.0166667
2.94225e-007,0.0166667
2.94475e-007,0.0266667
2.94725e-007,0.0266667
2.94975e-007,0.03
2.95225e-007,0.0266667
2.95475e-007,0.0266667
2.95725e-007,0.02
2.95975e-007,0.02
2.96225e-007,0.0166667
2.96475e-007,0.0166667
2.96725e-007,0.0133333
2.96975e-007,0.0166667
2.97225e-007,0.0166667
2.97475e-007,0.0166667
2.97725e-007,0.0133333
2.97975e-007,0.0133333
2.98225e-007,0.0133333
2.98475e-007,0.0166667
2.98725e-007,0.0133333
2.98975e-007,0.0166667
2.99225e-007,0.02
2.99475e-007,0.0233333
2.99725e-007,0.0233333
2.99975e-007,0.02
3.00225e-007,0.02
3.00475e-007,0.0166667
3.00725e-007,0.0133333
3.00975e-007,0.0166667
3.01225e-007,0.0133333
3.01475e-007,0.0133333
3.01725e-007,0.01
3.01975e-007,0.0133333
3.02225e-007,0.0133333
3.02475e-007,0.0133333
3.02725e-007,0.01
3.02975e-007,0.0133333
3.03225e-007,0.01
3.03475e-007,0.0133333
3.03725e-007,0.01
3.03975e-007,0.0133333
3.04225e-007,0.01
3.04475e-007,0.0133333
3.04725e-007,0.01
3.04975e-007,0.0133333
3.05225e-007,0.01
3.05475e-007,0.0133333
3.05725e-007,0.01
3.05975e-007,0.0133333
3.06225e-007,0.01
3.06475e-007,0.0133333
3.06725e-007,0.01
3.06975e-007,0.0166667
3.07225e-007,0.0133333
3.07475e-007,0.0133333
3.07725e-007,0.01
3.07975e-007,0.0133333
3.08225e-007,0.01
3.08475e-007,0.0133333
3.08725e-007,0.01
3.08975e-007,0.0133333
3.09225e-007,0.01
3.09475e-007,0.0133333
3.09725e-007,0.01
3.09975e-007,0.0133333
3.10225e-007,0.01
3.10475e-007,0.0133333
3.10725e-007,0.01
3.10975e-007,0.0133333
3.11225e-007,0.01
3.11475e-007,0.0133333
3.11725e-007,0.01
3.11975e-007,0.0133333
3.12225e-007,0.01
3.12475e-007,0.0133333
3.12725e-007,0.01
3.12975e-007,0.01
3.13225e-007,0.01
3.13475e-007,0.0133333
3.13725e-007,0.01
3.13975e-007,0.0133333
3.14225e-007,0.01
3.14475e-007,0.0133333
3.14725e-007,0.01
3.14975e-007,0.0133333
3.15225e-007,0.01
3.15475e-007,0.0133333
3.15725e-007,0.01
3.15975e-007,0.0133333
3.16225e-007,0.01
3.16475e-007,0.0133333
3.16725e-007,0.01
3.16975e-007,0.0133333
3.17225e-007,0.01
3.17475e-007,0.0133333
3.17725e-007,0.01
3.17975e-007,0.0133333
3.18225e-007,0.01
3.18475e-007,0.0133333
3.18725e-007,0.01
3.18975e-007,0.0133333
3.19225e-007,0.01
3.19475e-007,0.0133333
3.19725e-007,0.01
3.19975e-007,0.0133333
3.20225e-007,0.01
3.20475e-007,0.0133333
3.20725e-007,0.01
3.20975e-007,0.0133333
3.21225e-007,0.01
3.21475e-007,0.0133333
3.21725e-007,0.01
3.21975e-007,0.0133333
3.22225e-007,0.01
3.22475e-007,0.0133333
3.22725e-007,0.01
3.22975e-007,0.0133333
3.23225e-007,0.01
3.23475e-007,0.01
3.23725e-007,0.01
3.23975e-007,0.01
3.24225e-007,0.01
3.24475e-007,0.0133333
3.24725e-007,0.01
3.24975e-007,0.01
3.25225e-007,0.01
3.25475e-007,0.0133333
3.25725e-007,0.01
3.25975e-007,0.01
3.26225e-007,0.01
3.26475e-007,0.0133333
3.26725e-007,0.00666667
3.26975e-007,0.01
3.27225e-007,0.01
3.27475e-007,0.01
3.27725e-007,0.00666667
3.27975e-007,0.01
3.28225e-007,0.01
3.28475e-007,0.01
3.28725e-007,0.00666667
3.28975e-007,0.01
3.29225e-007,0.01
3.29475e-007,0.01
3.29725e-007,0.01
3.29975e-007,0.0133333
3.30225e-007,0.01
3.30475e-007,0.01
3.30725e-007,0.01
3.30975e-007,0.0133333
3.31225e-007,0.01
3.31475e-007,0.0133333
3.31725e-007,0.01
3.31975e-007,0.01
3.32225e-007,0.01
3.32475e-007,0.0133333
3.32725e-007,0.00666667
3.32975e-007,0.01
3.33225e-007,0.01
3.33475e-007,0.0133333
3.33725e-007,0.01
3.33975e-007,0.01
3.34225e-007,0.01
3.34475e-007,0.0133333
3.34725e-007,0.01
3.34975e-007,0.01
3.35225e-007,0.01
3.35475e-007,0.0133333
3.35725e-007,0.01
3.35975e-007,0.01
3.36225e-007,0.01
3.36475e-007,0.01
3.36725e-007,0.01
3.36975e-007,0.01
3.37225e-007,0.01
3.37475e-007,0.01
3.37725e-007,0.01
3.37975e-007,0.01
3.38225e-007,0.01
3.38475e-007,0.01
3.38725e-007,0.00666667
3.38975e-007,0.01
3.39225e-007,0.01
3.39475e-007,0.01
3.39725e-007,0.00666667
3.39975e-007,0.01
3.40225e-007,0.01
3.40475e-007,0.01
3.40725e-007,0.00666667
3.40975e-007,0.01
3.41225e-007,0.01
3.41475e-007,0.01
3.41725e-007,0.00666667
3.41975e-007,0.01
3.42225e-007,0.01
3.42475e-007,0.01
3.42725e-007,0.00666667
3.42975e-007,0.01
3.43225e-007,0.00666667
3.43475e-007,0.01
3.43725e-007,0.00666667
3.43975e-007,0.01
3.44225e-007,0.00666667
3.44475e-007,0.01
3.44725e-007,0.00666667
3.44975e-007,0.01
3.45225e-007,0.00666667
3.45475e-007,0.01
3.45725e-007,0.00666667
3.45975e-007,0.01
3.46225e-007,0.01
3.46475e-007,0.01
3.46725e-007,0.00666667
3.46975e-007,0.01
3.47225e-007,0.01
3.47475e-007,0.01
3.47725e-007,0.00666667
3.47975e-007,0.01
3.48225e-007,0.01
3.48475e-007,0.01
3.48725e-007,0.00666667
3.48975e-007,0.01
3.49225e-007,0.01
3.49475e-007,0.0133333
3.49725e-007,0.00666667
3.49975e-007,0.01
3.50225e-007,0.01
3.50475e-007,0.01
3.50725e-007,0.00666667
3.50975e-007,0.01
3.51225e-007,0.01
3.51475e-007,0.0133333
3.51725e-007,0.00666667
3.51975e-007,0.0133333
3.52225e-007,0.01
3.52475e-007,0.0133333
3.52725e-007,0.01
3.52975e-007,0.01
3.53225e-007,0.01
3.53475e-007,0.01
3.53725e-007,0.01
3.53975e-007,0.01
3.54225e-007,0.01
3.54475e-007,0.01
3.54725e-007,0.01
3.54975e-007,0.01
3.55225e-007,0.01
3.55475e-007,0.01
3.55725e-007,0.00666667
3.55975e-007,0.01
3.56225e-007,0.01
3.56475e-007,0.01
3.56725e-007,0.00666667
3.56975e-007,0.01
3.57225e-007,0.01
3.57475e-007,0.0133333
3.57725e-007,0.00666667
3.57975e-007,0.01
3.58225e-007,0.01
3.58475e-007,0.0133333
3.58725e-007,0.00666667
3.58975e-007,0.01
3.59225e-007,0.01
3.59475e-007,0.01
3.59725e-007,0.00666667
3.59975e-007,0.01
3.60225e-007,0.01
3.60475e-007,0.01
3.60725e-007,0.00666667
3.60975e-007,0.01
3.61225e-007,0.01
3.61475e-007,0.01
3.61725e-007,0.00666667
3.61975e-007,0.01
3.62225e-007,0.01
3.62475e-007,0.01
3.62725e-007,0.00666667
3.62975e-007,0.01
3.63225e-007,0.01
3.63475e-007,0.01
3.63725e-007,0.00666667
3.63975e-007,0.01
3.64225e-007,0.01
3.64475e-007,0.01
3.64725e-007,0.00666667
3.64975e-007,0.01
3.65225e-007,0.01
3.65475e-007,0.01
3.65725e-007,0.00666667
3.65975e-007,0.01
3.66225e-007,0.01
3.66475e-007,0.01
3.66725e-007,0.01
3.66975e-007,0.01
3.67225e-007,0.01
3.67475e-007,0.01
3.67725e-007,0.01
3.67975e-007,0.01
3.68225e-007,0.01
3.68475e-007,0.01
3.68725e-007,0.01
3.68975e-007,0.01
3.69225e-007,0.01
3.69475e-007,0.01
3.69725e-007,0.01
3.69975e-007,0.01
3.70225e-007,0.01
3.70475e-007,0.01
3.70725e-007,0.00666667
3.70975e-007,0.01
3.71225e-007,0.01
3.71475e-007,0.01
3.71725e-007,0.00666667
3.71975e-007,0.01
3.72225e-007,0.01
3.72475e-007,0.01
3.72725e-007,0.00666667
3.72975e-007,0.01
3.73225e-007,0.01
3.73475e-007,0.01
3.73725e-007,0.01
3.73975e-007,0.01
3.74225e-007,0.01
3.74475e-007,0.01
3.74725e-007,0.01
3.74975e-007,0.01
3.75225e-007,0.01
3.75475e-007,0.01
3.75725e-007,0.00666667
3.75975e-007,0.01
3.76225e-007,0.01
3.76475e-007,0.01
3.76725e-007,0.00666667
3.76975e-007,0.01
3.77225e-007,0.01
3.77475e-007,0.01
3.77725e-007,0.00666667
3.77975e-007,0.01
3.78225e-007,0.01
3.78475e-007,0.01
3.78725e-007,0.00666667
3.78975e-007,0.01
3.79225e-007,0.01
3.79475e-007,0.01
3.79725e-007,0.00666667
3.79975e-007,0.01
3.80225e-007,0.01
3.80475e-007,0.01
3.80725e-007,0.00666667
3.80975e-007,0.01
3.81225e-007,0.01
3.81475e-007,0.01
3.81725e-007,0.00666667
3.81975e-007,0.01
3.82225e-007,0.01
3.82475e-007,0.01
3.82725e-007,0.00666667
3.82975e-007,0.01
3.83225e-007,0.01
3.83475e-007,0.01
3.83725e-007,0.00666667
3.83975e-007,0.01
3.84225e-007,0.01
3.84475e-007,0.01
3.84725e-007,0.00666667
3.84975e-007,0.01
3.85225e-007,0.01
3.85475e-007,0.01
3.85725e-007,0.00666667
3.85975e-007,0.01
3.86225e-007,0.01
3.86475e-007,0.01
3.86725e-007,0.00666667
3.86975e-007,0.01
3.87225e-007,0.01
3.87475e-007,0.01
3.87725e-007,0.00666667
3.87975e-007,0.01
3.88225e-007,0.01
3.88475e-007,0.01
3.88725e-007,0.00666667
3.88975e-007,0.0133333
3.89225e-007,0.01
3.89475e-007,0.01
3.89725e-007,0.00666667
3.89975e-007,0.01
3.90225e-007,0.01
3.90475e-007,0.01
3.90725e-007,0.00666667
3.90975e-007,0.01
3.91225e-007,0.01
3.91475e-007,0.01
3.91725e-007,0.00666667
3.91975e-007,0.01
3.92225e-007,0.01
3.92475e-007,0.01
3.92725e-007,0.00666667
3.92975e-007,0.01
3.93225e-007,0.01
3.93475e-007,0.01
3.93725e-007,0.00666667
3.93975e-007,0.01
3.94225e-007,0.01
3.94475e-007,0.01
3.94725e-007,0.00666667
3.94975e-007,0.01
3.95225e-007,0.01
3.95475e-007,0.01
3.95725e-007,0.00666667
3.95975e-007,0.01
3.96225e-007,0.01
3.96475e-007,0.01
3.96725e-007,0.00666667
3.96975e-007,0.01
3.97225e-007,0.01
3.97475e-007,0.01
3.97725e-007,0.00666667
3.97975e-007,0.01
3.98225e-007,0.01
3.98475e-007,0.01
3.98725e-007,0.00666667
3.98975e-007,0.0133333
3.99225e-007,0.01
3.99475e-007,0.01
3.99725e-007,0.00666667
3.99975e-007,0.0133333
4.00225e-007,0.01
